Studio,Category,Original criterion,Simplified requirement,Nestlé/WPP responsibility,Current status,Evidence,Missing requirement,Next action,Owner,Dependency,Target date
Philippines,Operational Excellence & Hygiene,Is there a dedicated Nestlé Studio Owner/Manager?,Dedicated Nestlé studio owner or manager,Nestlé,Fulfilled,Status workbook: Done — Raffy Casas,None identified in scorecard,Dedicated Nestlé studio owner with day to day operational influence,Nestlé,Source dependency: Not provided · Rule-based prerequisites: No rule-based prerequisite mapped,Not provided
Philippines,Operational Excellence & Hygiene,Is there a Senior Nestlé Sponsor?,Active senior Nestlé sponsorship,Nestlé,Fulfilled,Status workbook: Done — Jayel Ladioray,None identified in scorecard,"Senior Nestlé sponsor actively backs the studio as a strategic solution, not just a delivery team",Nestlé,Source dependency: Not provided · Rule-based prerequisites: No rule-based prerequisite mapped,Not provided
Philippines,Operational Excellence & Hygiene,Are KPIs aligned and cascaded and agreed on?,Aligned and cascaded KPIs,Nestlé,Fulfilled,Status workbook: For Updating — This needs to become tighter and more consistent so the studio is not only seen as productive but demonstrably effective,None identified in scorecard,KPIs are defined at the start and linked to business and content outcomes,"Nestlé sets business priorities, WPP translates into content metrics",Source dependency: Not provided · Rule-based prerequisites: No rule-based prerequisite mapped,Not provided
Philippines,Operational Excellence & Hygiene,"Is scope provided on an annual basis (qty, asset type)?",Clear annual scope by quantity and asset type,Nestlé,Fulfilled,"Status workbook: On-Going — Scope may already support a mature model, but it should now be reviewed against what is needed to deepen strategy, creative quality, and more advanced performance integration",None identified in scorecard,"Scope is explicit, future fit, and capability led","Shared, Nestlé signs off",Source dependency: Not provided · Rule-based prerequisites: No rule-based prerequisite mapped,Not provided
Philippines,Operational Excellence & Hygiene,Are POs are issued based on agreed timelines?,Commercial documents issued to agreed timelines,Nestlé,Fulfilled,Status workbook: On-Going — Scope agreements should be completed and signed off by both parties before work is begun; PO issuance to follow shortly after,None identified in scorecard,Timely POs and Scope Closing,Shared,Source dependency: Not provided · Rule-based prerequisites: Clear annual scope by quantity and asset type: Fulfilled,Not provided
Philippines,Operational Excellence & Hygiene,Are asset and talent usage rights cascaded to the Content Studio?,"Legal, rights, talent and versioning requirements cascaded and followed",Nestlé,Fulfilled,"Status workbook: On-Going — Stronger creative ambition usually creates more complexity, so this needs to stay disciplined",None identified in scorecard,"Legal, rights, talent, and versioning processes are controlled",Shared,Source dependency: Not provided · Rule-based prerequisites: No rule-based prerequisite mapped,Not provided
Philippines,Operational Excellence & Hygiene,Are Brand Stakeholders involved in Content Planning?,Brand stakeholders involved in content planning,Nestlé,Fulfilled,"Status workbook: For Updating — The market is strong, but earlier and better client participation in planning will improve strategic quality",None identified in scorecard,Brand stakeholders are not only approvers but planning partners,Nestlé,Source dependency: Not provided · Rule-based prerequisites: No rule-based prerequisite mapped,Not provided
Philippines,Operational Excellence & Hygiene,"Do briefs provide enough lead time to ideate and produce, and are complete (key message, asset bank, target audience)?",Complete briefs with sufficient lead time and timely challenge,Nestlé,Fulfilled,Status workbook: For Updating — Stronger briefs and earlier briefing are one of the main unlocks for improving strategy and creative quality,None identified in scorecard,"Briefs arrive early, complete, and strategically useful","Nestlé for brief quality, WPP for QA",Source dependency: Not provided · Rule-based prerequisites: No rule-based prerequisite mapped,Not provided
Philippines,Operational Excellence & Hygiene,Does the Nestlé Studio Manager/Owner meet with the Studio Lead on a monthly and/or quarterly basis?,Regular leadership and brand governance cadence,Nestlé,Fulfilled,"Status workbook: For Updating — Governance likely exists, but it should now include more quality, strategy, and capability topics, not just delivery and SLA",None identified in scorecard,"Working sessions, monthly operations, and quarterly strategic reviews are running with decisions",Shared,Source dependency: Not provided · Rule-based prerequisites: Dedicated Nestlé studio owner or manager: Fulfilled; Senior WPP studio leadership: Fulfilled,Not provided
Philippines,Operational Excellence & Hygiene,Are Brand Governance meetings in place with the Content Studio?,Regular leadership and brand governance cadence,Nestlé,Fulfilled,"Status workbook: For Updating — Governance likely exists, but it should now include more quality, strategy, and capability topics, not just delivery and SLA",None identified in scorecard,"Working sessions, monthly operations, and quarterly strategic reviews are running with decisions",Shared,Source dependency: Not provided · Rule-based prerequisites: Dedicated Nestlé studio owner or manager: Fulfilled; Senior WPP studio leadership: Fulfilled,Not provided
Philippines,Operational Excellence & Hygiene,Is a shared workflow tool used consistently?,Consistent shared workflow and approval process,Nestlé,Not fulfilled,"Status workbook: For Updating — The market may already be operating well, but RED requires continued process discipline as the model grows",Consistent shared workflow and approval process,Workflow tool is used consistently and approvals are structured,Shared,Source dependency: Not provided · Rule-based prerequisites: Regular leadership and brand governance cadence: Fulfilled,Not provided
Philippines,Operational Excellence & Hygiene,Does the Nestlé utilize BrandShare?,Consistent BrandShare adoption,Nestlé,Not fulfilled,"Status workbook: For Updating — Tool use may already be active, but consistency and decision making through the tool should keep improving",Consistent BrandShare adoption,BrandShare or agreed workflow tool used as source of truth,Shared,Source dependency: Not provided · Rule-based prerequisites: Consistent shared workflow and approval process: Open; Access to and use of the Nestlé tool stack: Fulfilled,Not provided
Philippines,Strategic Thinking,Are fire briefs cascaded to the Content Studio?,Complete briefs with sufficient lead time and timely challenge,Nestlé,Fulfilled,Status workbook: For Updating — Stronger briefs and earlier briefing are one of the main unlocks for improving strategy and creative quality,None identified in scorecard,"Briefs arrive early, complete, and strategically useful","Nestlé for brief quality, WPP for QA",Source dependency: Not provided · Rule-based prerequisites: No rule-based prerequisite mapped,Not provided
Philippines,Strategic Thinking,"Is there one shared dashboard to measure asset quantity, creative quality, speed and effectiveness?",Shared operational and effectiveness dashboard,Nestlé,Not fulfilled,"Status workbook: For Updating — Dashboarding should become a stronger management tool, not just a reporting view",Shared operational and effectiveness dashboard,"One agreed dashboard for output, quality, speed, and effectiveness",Shared,Source dependency: Not provided · Rule-based prerequisites: Aligned and cascaded KPIs: Fulfilled; Embedded analyst or insight capability: Fulfilled,Not provided
Philippines,Strategic Thinking,"Are Campaign Strategies cascaded to the Studio, or is the Studio given the opportunity to Strategize content planning?",Campaign strategy embedded in content planning,Nestlé,Fulfilled,Status workbook: For Updating — Content strategy alignment is still below RED level and needs to become an explicit step in the workflow,None identified in scorecard,Strategy should actively shape content planning,WPP,Source dependency: Not provided · Rule-based prerequisites: Dedicated content strategy capability: Fulfilled; Complete briefs with sufficient lead time and timely challenge: Fulfilled,Not provided
Philippines,Production Excellence,Are previous learnings and insights shared during briefs?,"Prior learnings applied to briefs, planning and optimization",Nestlé,Fulfilled,Status workbook: For Updating — Philippines should now move from having reviews to making sure those reviews clearly influence the next cycle of work,None identified in scorecard,"Pre, in, and post campaign learning cycle exists and changes future work",Shared,Source dependency: Not provided · Rule-based prerequisites: Aligned and cascaded KPIs: Fulfilled; Shared operational and effectiveness dashboard: Open; Embedded analyst or insight capability: Fulfilled,Not provided
Philippines,Production Excellence,Are brand creative mandatories and campaign masters cascaded to the Content Studio?,Brand fundamentals and campaign masters embedded in creative work,Nestlé,Fulfilled,"Status workbook: For Updating — This is one of the biggest next steps. Creative quality needs defined checkpoints, owners, and standards",None identified in scorecard,"Creative work is reviewed through a formal quality lens, not subjective opinion only",WPP,Source dependency: Not provided · Rule-based prerequisites: No rule-based prerequisite mapped,Not provided
Philippines,Production Excellence,Has the Studio been provided access to the Nestlé toolstack?,Access to and use of the Nestlé tool stack,Nestlé,Fulfilled,Status workbook: For Updating — Mature markets can still get messy if tool discipline is assumed rather than managed,None identified in scorecard,"Tool ownership, training, and usage standards are clear",Shared,Source dependency: Not provided · Rule-based prerequisites: No rule-based prerequisite mapped,Not provided
Philippines,Production Excellence,Does the Studio have access to CreativeX across all serviced brands?,CreativeX access and compliant use,Nestlé,Fulfilled,"Status workbook: For Updating — This is a key growth area, especially if the market wants to raise output quality further",None identified in scorecard,Quality tools or review systems support stronger creative consistency,WPP,Source dependency: Not provided · Rule-based prerequisites: Access to and use of the Nestlé tool stack: Fulfilled,Not provided
Philippines,Production Excellence,Has the Studio been provided access to TalkWalker?,Talkwalker or equivalent audience and trend intelligence,Nestlé,Not fulfilled,"Status workbook: For Updating — If the studio wants to lead more culturally, this should become a formal part of the operating rhythm",Talkwalker or equivalent audience and trend intelligence,Trend signals actively shape ideas and adaptive opportunities,Shared,Source dependency: Not provided · Rule-based prerequisites: Access to and use of the Nestlé tool stack: Fulfilled; Embedded analyst or insight capability: Fulfilled,Not provided
Philippines,Production Excellence,"Has the Studio been onboarded on ContentHub, and are upload approvals done in a timely manner?","ContentHub onboarding, upload and tagging discipline",Nestlé,Not fulfilled,"Status workbook: For Updating — If the market is already mature, the next step is making the library more useful for reuse, quality control, and learning","ContentHub onboarding, upload and tagging discipline",Content Hub or equivalent is actively used and structured,Shared,Source dependency: Not provided · Rule-based prerequisites: Consistent shared workflow and approval process: Open; Access to and use of the Nestlé tool stack: Fulfilled,Not provided
Philippines,Production Excellence,"Has the Studio been provided access to Nestlé AI tools (Firefly, Getty)?",Compliant AI access and practical workflow use,Nestlé,Fulfilled,"Status workbook: For Updating — Philippines is already ahead of many markets, but use cases should be codified so the model is repeatable and teachable",None identified in scorecard,"AI is used in ways that improve workflow, adaptation, analysis, and planning",Shared,Source dependency: Not provided · Rule-based prerequisites: Access to and use of the Nestlé tool stack: Fulfilled,Not provided
Philippines,Production Excellence,Have the Studio creatives been provided Nestlé licenses for Adobe Creative Cloud?,Adobe Creative Cloud access and production use,Nestlé,Fulfilled,Status workbook: For Updating — The next step is making sure tools support more craft consistency and efficient scaling,None identified in scorecard,"Production, editing, adaptation, templating, and QC tools fit the work",WPP,Source dependency: Not provided · Rule-based prerequisites: Access to and use of the Nestlé tool stack: Fulfilled; Dedicated internal or external production capability: Fulfilled,Not provided
Philippines,Production Excellence,"Is multiplicity embedded in brief requirements, and supported by Media placements?",Multiplicity embedded in briefing and content planning,Nestlé,Fulfilled,"Status workbook: For Updating — Philippines is likely stronger than most markets here, but it can still be more intentional and systematic",None identified in scorecard,Content is designed for re expression from the start,WPP,"Source dependency: Not provided · Rule-based prerequisites: Complete briefs with sufficient lead time and timely challenge: Fulfilled; Media, CRM and performance collaboration embedded in planning: Fulfilled",Not provided
Philippines,Category Expertise,"Has the Media, CRM and Performance Agencies been endorsed to the Content Studio for collaboration efforts?","Media, CRM and performance collaboration embedded in planning",Nestlé,Fulfilled,Status workbook: For Updating — This needs to be tighter if the studio is to move from strong execution into more intelligent content orchestration,None identified in scorecard,"Media, CRM, and performance stakeholders actively connect with content planning",Shared,Source dependency: Not provided · Rule-based prerequisites: Brand stakeholders involved in content planning: Fulfilled; Regular leadership and brand governance cadence: Fulfilled,Not provided
Philippines,Category Expertise,Are the correct briefs cascaded to the Content Studio?,Correct brief routing and redirection,Nestlé,Fulfilled,"Status workbook: For Updating — If Content studio receives a brief that is more suited for a different team (NBS, AOR, etc.), it should be redirected to the correct team",None identified in scorecard,"Briefs are filtered, and redirected (if necessary), to the correct teams",Shared,Source dependency: Not provided · Rule-based prerequisites: Regular leadership and brand governance cadence: Fulfilled; Consistent shared workflow and approval process: Open,Not provided
Philippines,Category Expertise,Has the Studio been endorsed to AOR and NBS?,Defined collaboration with AOR and NBS,Nestlé,Fulfilled,"Status workbook: For Updating — If Content studio receives a brief that is more suited for a different team (NBS, AOR, etc.), it should be redirected to the correct team",None identified in scorecard,"Briefs are filtered, and redirected (if necessary), to the correct teams",Shared,Source dependency: Not provided · Rule-based prerequisites: Correct brief routing and redirection: Fulfilled; Regular leadership and brand governance cadence: Fulfilled,Not provided
Philippines,Category Expertise,"Has the Studio been properly onboarded on the Brand/s (including but not limited to audience/s, product/s, brand mandatories)?","Current brand, audience and category knowledge",Nestlé,Fulfilled,"Status workbook: For Updating — Have there been any new campaigns that push creative quality? Is there anything ""new"" that RED has developed and can own?",None identified in scorecard,"Strong creative brand knowledge, constant skill-building",WPP,Source dependency: Not provided · Rule-based prerequisites: Brand stakeholders involved in content planning: Fulfilled,Not provided
Philippines,Operational Excellence & Hygiene,Is there a senior WPP Studio Lead?,Senior WPP studio leadership,WPP,Fulfilled,"Status workbook: Done — Maan Delos Reyes, Ken Llave",None identified in scorecard,"Strong WPP studio lead with authority across operations, quality, strategy, and client management",WPP,Source dependency: Not provided · Rule-based prerequisites: No rule-based prerequisite mapped,Not provided
Philippines,Operational Excellence & Hygiene,Is there a WPP Creative Lead?,Dedicated WPP creative leadership,WPP,Fulfilled,Status workbook: Done — Marc De Vera,None identified in scorecard,"Creative quality owner who actively improves craft, platform native thinking, and content ambition",WPP,Source dependency: Not provided · Rule-based prerequisites: No rule-based prerequisite mapped,Not provided
Philippines,Operational Excellence & Hygiene,"Is there a Creator, Community, or Adaptive Content Specialist?","Creator, community or adaptive-content specialist coverage",WPP,Fulfilled,Status workbook: Not Applicable — But available through Flex,None identified in scorecard,"Creator, community, or adaptive content specialists where scope demands it",WPP,Source dependency: Not provided · Rule-based prerequisites: Clear annual scope by quantity and asset type: Fulfilled,Not provided
Philippines,Operational Excellence & Hygiene,Is there a WPP Production Lead?,Dedicated WPP production leadership,WPP,Not fulfilled,"Status workbook: On-Going — Available through Flex, volume discussion for 2027",Dedicated WPP production leadership,"Strong production lead with accountability for quality, speed, efficiency, and partner integration",WPP,Source dependency: Not provided · Rule-based prerequisites: Clear annual scope by quantity and asset type: Fulfilled; Commercial documents issued to agreed timelines: Fulfilled,Not provided
Philippines,Operational Excellence & Hygiene,Are KPIs aligned and cascaded and agreed on?,Aligned and cascaded KPIs,WPP,Fulfilled,Status workbook: For Updating — This needs to become tighter and more consistent so the studio is not only seen as productive but demonstrably effective,None identified in scorecard,KPIs are defined at the start and linked to business and content outcomes,"Nestlé sets business priorities, WPP translates into content metrics",Source dependency: Not provided · Rule-based prerequisites: No rule-based prerequisite mapped,Not provided
Philippines,Operational Excellence & Hygiene,Is the Content Studio team built to fulfill scope?,Team capability aligned to approved scope,WPP,Fulfilled,"Status workbook: On-Going — If Philippines is expected to raise culture intelligence, audience application, creative ambition, and production excellence, those expectations must be protected in scope and team design",None identified in scorecard,Every expected capability must be reflected in scope and resource,Shared,Source dependency: Not provided · Rule-based prerequisites: Clear annual scope by quantity and asset type: Fulfilled; Commercial documents issued to agreed timelines: Fulfilled,Not provided
Philippines,Operational Excellence & Hygiene,Are CEs provided based on agreed timelines from date of brief?,Commercial documents issued to agreed timelines,WPP,Fulfilled,Status workbook: On-Going — Scope agreements should be completed and signed off by both parties before work is begun; PO issuance to follow shortly after,None identified in scorecard,Timely POs and Scope Closing,Shared,Source dependency: Not provided · Rule-based prerequisites: Clear annual scope by quantity and asset type: Fulfilled,Not provided
Philippines,Operational Excellence & Hygiene,"Are legal, rights, talent and versioning cascades followed?","Legal, rights, talent and versioning requirements cascaded and followed",WPP,Fulfilled,"Status workbook: On-Going — Stronger creative ambition usually creates more complexity, so this needs to stay disciplined",None identified in scorecard,"Legal, rights, talent, and versioning processes are controlled",Shared,Source dependency: Not provided · Rule-based prerequisites: No rule-based prerequisite mapped,Not provided
Philippines,Operational Excellence & Hygiene,Does the Studio collaborate with Brand Stakeholders in Content Planning?,Brand stakeholders involved in content planning,WPP,Fulfilled,"Status workbook: For Updating — The market is strong, but earlier and better client participation in planning will improve strategic quality",None identified in scorecard,Brand stakeholders are not only approvers but planning partners,Nestlé,Source dependency: Not provided · Rule-based prerequisites: No rule-based prerequisite mapped,Not provided
Philippines,Operational Excellence & Hygiene,Are briefs challenged and additional needed information/materials requested in a timely manner?,Complete briefs with sufficient lead time and timely challenge,WPP,Fulfilled,Status workbook: For Updating — Stronger briefs and earlier briefing are one of the main unlocks for improving strategy and creative quality,None identified in scorecard,"Briefs arrive early, complete, and strategically useful","Nestlé for brief quality, WPP for QA",Source dependency: Not provided · Rule-based prerequisites: No rule-based prerequisite mapped,Not provided
Philippines,Operational Excellence & Hygiene,Does the Studio Lead meet with the Nestlé Studio Manager/Owner on a monthly and/or quarterly basis?,Regular leadership and brand governance cadence,WPP,Fulfilled,"Status workbook: For Updating — Governance likely exists, but it should now include more quality, strategy, and capability topics, not just delivery and SLA",None identified in scorecard,"Working sessions, monthly operations, and quarterly strategic reviews are running with decisions",Shared,Source dependency: Not provided · Rule-based prerequisites: Dedicated Nestlé studio owner or manager: Fulfilled; Senior WPP studio leadership: Fulfilled,Not provided
Philippines,Operational Excellence & Hygiene,Are Brand Governance meetings in place with the Content Studio?,Regular leadership and brand governance cadence,WPP,Fulfilled,"Status workbook: For Updating — Governance likely exists, but it should now include more quality, strategy, and capability topics, not just delivery and SLA",None identified in scorecard,"Working sessions, monthly operations, and quarterly strategic reviews are running with decisions",Shared,Source dependency: Not provided · Rule-based prerequisites: Dedicated Nestlé studio owner or manager: Fulfilled; Senior WPP studio leadership: Fulfilled,Not provided
Philippines,Operational Excellence & Hygiene,Is a shared workflow tool used consistently?,Consistent shared workflow and approval process,WPP,Not fulfilled,"Status workbook: For Updating — The market may already be operating well, but RED requires continued process discipline as the model grows",Consistent shared workflow and approval process,Workflow tool is used consistently and approvals are structured,Shared,Source dependency: Not provided · Rule-based prerequisites: Regular leadership and brand governance cadence: Fulfilled,Not provided
Philippines,Operational Excellence & Hygiene,Does the Content Studio use BrandShare?,Consistent BrandShare adoption,WPP,Not fulfilled,"Status workbook: For Updating — Tool use may already be active, but consistency and decision making through the tool should keep improving",Consistent BrandShare adoption,BrandShare or agreed workflow tool used as source of truth,Shared,Source dependency: Not provided · Rule-based prerequisites: Consistent shared workflow and approval process: Open; Access to and use of the Nestlé tool stack: Fulfilled,Not provided
Philippines,Strategic Thinking,Is Strategy a dedicated capability in the Content Studio inherent in campaign planning?,Dedicated content strategy capability,WPP,Fulfilled,Status workbook: On-Going — Please confirm schedule of strategy workshop with Nestle SPOC from Strat team,None identified in scorecard,Dedicated content strategy capability embedded in the studio,WPP,Source dependency: Not provided · Rule-based prerequisites: Clear annual scope by quantity and asset type: Fulfilled; Senior WPP studio leadership: Fulfilled,Not provided
Philippines,Strategic Thinking,Is there an analyst or insight function within the Content Studio?,Embedded analyst or insight capability,WPP,Fulfilled,"Status workbook: On-Going — Philippines is already stronger than most markets, but performance and audience intelligence need to be used more systematically to sharpen strategy",None identified in scorecard,Embedded analyst or insight function that shapes planning and optimization,WPP with Nestlé support on data access,Source dependency: Not provided · Rule-based prerequisites: Clear annual scope by quantity and asset type: Fulfilled; Access to and use of the Nestlé tool stack: Fulfilled,Not provided
Philippines,Strategic Thinking,"Is there one shared dashboard to measure asset quantity, creative quality, speed and effectiveness?",Shared operational and effectiveness dashboard,WPP,Not fulfilled,"Status workbook: For Updating — Dashboarding should become a stronger management tool, not just a reporting view",Shared operational and effectiveness dashboard,"One agreed dashboard for output, quality, speed, and effectiveness",Shared,Source dependency: Not provided · Rule-based prerequisites: Aligned and cascaded KPIs: Fulfilled; Embedded analyst or insight capability: Fulfilled,Not provided
Philippines,Strategic Thinking,Is one clear Strategy embedded in Content Planning?,Campaign strategy embedded in content planning,WPP,Fulfilled,Status workbook: For Updating — Content strategy alignment is still below RED level and needs to become an explicit step in the workflow,None identified in scorecard,Strategy should actively shape content planning,WPP,Source dependency: Not provided · Rule-based prerequisites: Dedicated content strategy capability: Fulfilled; Complete briefs with sufficient lead time and timely challenge: Fulfilled,Not provided
Philippines,Production Excellence,Are brand learnings and campaign insights included in Strategy and Content Planning?,"Prior learnings applied to briefs, planning and optimization",WPP,Fulfilled,Status workbook: For Updating — Philippines should now move from having reviews to making sure those reviews clearly influence the next cycle of work,None identified in scorecard,"Pre, in, and post campaign learning cycle exists and changes future work",Shared,Source dependency: Not provided · Rule-based prerequisites: Aligned and cascaded KPIs: Fulfilled; Shared operational and effectiveness dashboard: Open; Embedded analyst or insight capability: Fulfilled,Not provided
Philippines,Production Excellence,Is creative work built on and reviewed based on brand fundamendals and campaign masters?,Brand fundamentals and campaign masters embedded in creative work,WPP,Fulfilled,"Status workbook: For Updating — This is one of the biggest next steps. Creative quality needs defined checkpoints, owners, and standards",None identified in scorecard,"Creative work is reviewed through a formal quality lens, not subjective opinion only",WPP,Source dependency: Not provided · Rule-based prerequisites: No rule-based prerequisite mapped,Not provided
Philippines,Production Excellence,Does the Content Studio use Nestlé-provided licenses in asset production?,Access to and use of the Nestlé tool stack,WPP,Fulfilled,Status workbook: For Updating — Mature markets can still get messy if tool discipline is assumed rather than managed,None identified in scorecard,"Tool ownership, training, and usage standards are clear",Shared,Source dependency: Not provided · Rule-based prerequisites: No rule-based prerequisite mapped,Not provided
Philippines,Production Excellence,"Do all boosted assets go through CX, with only 100% scored assets turned over?",CreativeX access and compliant use,WPP,Fulfilled,"Status workbook: For Updating — This is a key growth area, especially if the market wants to raise output quality further",None identified in scorecard,Quality tools or review systems support stronger creative consistency,WPP,Source dependency: Not provided · Rule-based prerequisites: Access to and use of the Nestlé tool stack: Fulfilled,Not provided
Philippines,Production Excellence,"Does the Studio use Talkwalker or any WPP tool to gather audience, search, social, CRM, performance or trends?",Talkwalker or equivalent audience and trend intelligence,WPP,Fulfilled,"Status workbook: For Updating — If the studio wants to lead more culturally, this should become a formal part of the operating rhythm",None identified in scorecard,Trend signals actively shape ideas and adaptive opportunities,Shared,Source dependency: Not provided · Rule-based prerequisites: Access to and use of the Nestlé tool stack: Fulfilled; Embedded analyst or insight capability: Fulfilled,Not provided
Philippines,Production Excellence,Are final assets uploaded to ContentHub and tagged correctly on a regular basis?,"ContentHub onboarding, upload and tagging discipline",WPP,Fulfilled,"Status workbook: For Updating — If the market is already mature, the next step is making the library more useful for reuse, quality control, and learning",None identified in scorecard,Content Hub or equivalent is actively used and structured,Shared,Source dependency: Not provided · Rule-based prerequisites: Consistent shared workflow and approval process: Open; Access to and use of the Nestlé tool stack: Fulfilled,Not provided
Philippines,Production Excellence,"Are AI Tools like WPP Open used to imrpve workflow, analysis and planning; Nestlé-compliant AI tools (Firefly) are used for adaptation and craft?",Compliant AI access and practical workflow use,WPP,Fulfilled,"Status workbook: For Updating — Philippines is already ahead of many markets, but use cases should be codified so the model is repeatable and teachable",None identified in scorecard,"AI is used in ways that improve workflow, adaptation, analysis, and planning",Shared,Source dependency: Not provided · Rule-based prerequisites: Access to and use of the Nestlé tool stack: Fulfilled,Not provided
Philippines,Production Excellence,Does the Studio utilize Nestlé licenses for Adobe Creative Cloud?,Adobe Creative Cloud access and production use,WPP,Fulfilled,Status workbook: For Updating — The next step is making sure tools support more craft consistency and efficient scaling,None identified in scorecard,"Production, editing, adaptation, templating, and QC tools fit the work",WPP,Source dependency: Not provided · Rule-based prerequisites: Access to and use of the Nestlé tool stack: Fulfilled; Dedicated internal or external production capability: Fulfilled,Not provided
Philippines,Production Excellence,Is content planned for multiplicity?,Multiplicity embedded in briefing and content planning,WPP,Fulfilled,"Status workbook: For Updating — Philippines is likely stronger than most markets here, but it can still be more intentional and systematic",None identified in scorecard,Content is designed for re expression from the start,WPP,"Source dependency: Not provided · Rule-based prerequisites: Complete briefs with sufficient lead time and timely challenge: Fulfilled; Media, CRM and performance collaboration embedded in planning: Fulfilled",Not provided
Philippines,Category Expertise,"Are media, CRM and performance insights embeded into content planning, timelines and content optimization?","Media, CRM and performance collaboration embedded in planning",WPP,Fulfilled,Status workbook: For Updating — This needs to be tighter if the studio is to move from strong execution into more intelligent content orchestration,None identified in scorecard,"Media, CRM, and performance stakeholders actively connect with content planning",Shared,Source dependency: Not provided · Rule-based prerequisites: Brand stakeholders involved in content planning: Fulfilled; Regular leadership and brand governance cadence: Fulfilled,Not provided
Philippines,Category Expertise,Are incorrect briefs redirected to NBS or other content partners?,Correct brief routing and redirection,WPP,Fulfilled,"Status workbook: For Updating — If Content studio receives a brief that is more suited for a different team (NBS, AOR, etc.), it should be redirected to the correct team",None identified in scorecard,"Briefs are filtered, and redirected (if necessary), to the correct teams",Shared,Source dependency: Not provided · Rule-based prerequisites: Regular leadership and brand governance cadence: Fulfilled; Consistent shared workflow and approval process: Open,Not provided
Philippines,Category Expertise,Does the Studio work with NBS?,Defined collaboration with AOR and NBS,WPP,Fulfilled,"Status workbook: For Updating — If Content studio receives a brief that is more suited for a different team (NBS, AOR, etc.), it should be redirected to the correct team",None identified in scorecard,"Briefs are filtered, and redirected (if necessary), to the correct teams",Shared,Source dependency: Not provided · Rule-based prerequisites: Correct brief routing and redirection: Fulfilled; Regular leadership and brand governance cadence: Fulfilled,Not provided
Philippines,Category Expertise,Does the Studio work with AOR?,Defined collaboration with AOR and NBS,WPP,Fulfilled,"Status workbook: For Updating — If Content studio receives a brief that is more suited for a different team (NBS, AOR, etc.), it should be redirected to the correct team",None identified in scorecard,"Briefs are filtered, and redirected (if necessary), to the correct teams",Shared,Source dependency: Not provided · Rule-based prerequisites: Correct brief routing and redirection: Fulfilled; Regular leadership and brand governance cadence: Fulfilled,Not provided
Philippines,Category Expertise,Is brand knowledge updated based on industry and brand movements?,"Current brand, audience and category knowledge",WPP,Fulfilled,"Status workbook: For Updating — Have there been any new campaigns that push creative quality? Is there anything ""new"" that RED has developed and can own?",None identified in scorecard,"Strong creative brand knowledge, constant skill-building",WPP,Source dependency: Not provided · Rule-based prerequisites: Brand stakeholders involved in content planning: Fulfilled,Not provided
Philippines,Category Expertise,Does the studio have a dedicated external or inhouse production or capability?,Dedicated internal or external production capability,WPP,Fulfilled,"Status workbook: For Updating — Per request basis, but RED has been able to fulfill incoming. Most complex: Homecourt. Incoming: Boost*",None identified in scorecard,Production build should be intentional and scalable,WPP,Source dependency: Not provided · Rule-based prerequisites: Clear annual scope by quantity and asset type: Fulfilled; Commercial documents issued to agreed timelines: Fulfilled; Dedicated WPP production leadership: Open,Not provided
Philippines,Category Expertise,Does the Studio utilize brand audience and segmentation in Content Planning?,Audience and segmentation applied to content planning,WPP,Fulfilled,Status workbook: For Updating — This should move from good practice to standard practice across priority work,None identified in scorecard,Audience and segmentation are actively shaping content decisions,Shared,Source dependency: Not provided · Rule-based prerequisites: Dedicated content strategy capability: Fulfilled; Embedded analyst or insight capability: Fulfilled,Not provided
Philippines,Category Expertise,Does the Studio utilize community and social signals used in Content Planning?,Community and social signals applied to content planning,WPP,Fulfilled,"Status workbook: On-Going — While Philippines is proactive in terms of seasonal material, Studio needs to work on moment marketing/trending efforts",None identified in scorecard,Community and social signals should inform content planning where relevant,Shared,Source dependency: Not provided · Rule-based prerequisites: Embedded analyst or insight capability: Fulfilled; Talkwalker or equivalent audience and trend intelligence: Open,Not provided
Thailand,Operational Excellence & Hygiene,Is there a dedicated Nestlé Studio Owner/Manager?,Dedicated Nestlé studio owner or manager,Nestlé,Fulfilled,"Status workbook: Not Applicable — N/A - Someone is handling agency relationships, but not dedicated to CS",None identified in scorecard,"Dedicated Nestlé studio owner with authority across planning, approvals, and operations",Nestlé,Source dependency: Not provided · Rule-based prerequisites: No rule-based prerequisite mapped,Not provided
Thailand,Operational Excellence & Hygiene,Is there a Senior Nestlé Sponsor?,Active senior Nestlé sponsorship,Nestlé,Fulfilled,Status workbook: Done — K'Dui Somrudee is the senior from client who lead Communication & Marketing Services,None identified in scorecard,Senior Nestlé sponsor actively supports the studio as a strategic content solution,Nestlé,Source dependency: Not provided · Rule-based prerequisites: No rule-based prerequisite mapped,Not provided
Thailand,Operational Excellence & Hygiene,Are KPIs aligned and cascaded and agreed on?,Aligned and cascaded KPIs,Nestlé,Fulfilled,Status workbook: On-Going — KPI provided per brief,None identified in scorecard,KPIs are defined at the start and tied to content and business outcomes,"Nestlé sets business priorities, WPP translates into content metrics",Source dependency: Not provided · Rule-based prerequisites: No rule-based prerequisite mapped,Not provided
Thailand,Operational Excellence & Hygiene,"Is scope provided on an annual basis (qty, asset type)?",Clear annual scope by quantity and asset type,Nestlé,Fulfilled,Status workbook: Done — Ad Hoc Requests and Clients Not Planning Ahead Throughout the Year,None identified in scorecard,"Scope is explicit, capability led, and aligned to what the studio is expected to deliver","Shared, Nestlé signs off",Source dependency: Not provided · Rule-based prerequisites: No rule-based prerequisite mapped,Not provided
Thailand,Operational Excellence & Hygiene,Are POs are issued based on agreed timelines?,Commercial documents issued to agreed timelines,Nestlé,Fulfilled,"Status workbook: On-Going — We are on track; however, we often have Ad Hoc briefs, which is why there are times when we need to work simultaneously with the PO process.",None identified in scorecard,Timely POs and Scope Closing,Shared,Source dependency: Not provided · Rule-based prerequisites: Clear annual scope by quantity and asset type: Fulfilled,Not provided
Thailand,Operational Excellence & Hygiene,Are asset and talent usage rights cascaded to the Content Studio?,"Legal, rights, talent and versioning requirements cascaded and followed",Nestlé,Fulfilled,Not provided,None identified in scorecard,Not provided,Not provided,Source dependency: Not provided · Rule-based prerequisites: No rule-based prerequisite mapped,Not provided
Thailand,Operational Excellence & Hygiene,Are Brand Stakeholders involved in Content Planning?,Brand stakeholders involved in content planning,Nestlé,Fulfilled,"Status workbook: On-Going — At present, we have established connections with all brands and are collaborating closely with the brand manager of each one.",None identified in scorecard,Named brand contacts who actively participate in planning,Nestlé,Source dependency: Not provided · Rule-based prerequisites: No rule-based prerequisite mapped,Not provided
Thailand,Operational Excellence & Hygiene,"Do briefs provide enough lead time to ideate and produce, and are complete (key message, asset bank, target audience)?",Complete briefs with sufficient lead time and timely challenge,Nestlé,Fulfilled,"Status workbook: On-Going — Following our studio showcase, TH has gained more strategic briefs that encompass not only asset development but also a blend of various elements.",None identified in scorecard,"Briefs arrive complete, early enough, and through one agreed entry route","Nestlé for brief quality, WPP for QA",Source dependency: Not provided · Rule-based prerequisites: No rule-based prerequisite mapped,Not provided
Thailand,Operational Excellence & Hygiene,Does the Nestlé Studio Manager/Owner meet with the Studio Lead on a monthly and/or quarterly basis?,Regular leadership and brand governance cadence,Nestlé,Not fulfilled,"Status workbook: On-Going — For ongoing projects or long-term campaigns, the team should conduct regular performance updates and create an optimization plan.",Regular leadership and brand governance cadence,"Weekly working sessions, monthly ops, quarterly strategic reviews are active",Shared,Source dependency: Not provided · Rule-based prerequisites: Dedicated Nestlé studio owner or manager: Fulfilled; Senior WPP studio leadership: Fulfilled,Not provided
Thailand,Operational Excellence & Hygiene,Are Brand Governance meetings in place with the Content Studio?,Regular leadership and brand governance cadence,Nestlé,Fulfilled,"Status workbook: On-Going — For ongoing projects or long-term campaigns, the team should conduct regular performance updates and create an optimization plan.",None identified in scorecard,"Weekly working sessions, monthly ops, quarterly strategic reviews are active",Shared,Source dependency: Not provided · Rule-based prerequisites: Dedicated Nestlé studio owner or manager: Fulfilled; Senior WPP studio leadership: Fulfilled,Not provided
Thailand,Operational Excellence & Hygiene,Is a shared workflow tool used consistently?,Consistent shared workflow and approval process,Nestlé,Not fulfilled,"Status workbook: On-Going — There is a need for improvement, but this occurs because we lack a dedicated team and have to rely on ad hoc briefs. Therefore, we must manage our workflow according to the situation at hand.",Consistent shared workflow and approval process,"Workflow is clear, disciplined, and supported by tools",Shared,Source dependency: Not provided · Rule-based prerequisites: Regular leadership and brand governance cadence: Open,Not provided
Thailand,Operational Excellence & Hygiene,Does the Nestlé utilize BrandShare?,Consistent BrandShare adoption,Nestlé,Not fulfilled,Status workbook: Not Started — Thailand team will be onboarded on BrandShare,Consistent BrandShare adoption,BrandShare or equivalent is used as source of truth,Shared,Source dependency: Not provided · Rule-based prerequisites: Consistent shared workflow and approval process: Open; Access to and use of the Nestlé tool stack: Fulfilled,Not provided
Thailand,Strategic Thinking,Are fire briefs cascaded to the Content Studio?,Complete briefs with sufficient lead time and timely challenge,Nestlé,Fulfilled,"Status workbook: On-Going — Following our studio showcase, TH has gained more strategic briefs that encompass not only asset development but also a blend of various elements.",None identified in scorecard,"Briefs arrive complete, early enough, and through one agreed entry route","Nestlé for brief quality, WPP for QA",Source dependency: Not provided · Rule-based prerequisites: No rule-based prerequisite mapped,Not provided
Thailand,Strategic Thinking,"Is there one shared dashboard to measure asset quantity, creative quality, speed and effectiveness?",Shared operational and effectiveness dashboard,Nestlé,Not fulfilled,"Status workbook: Not Started — The team hasn't started yet, but if you have any best practice formats to share, please do!",Shared operational and effectiveness dashboard,"One shared dashboard for output, speed, quality, and effectiveness",Shared,Source dependency: Not provided · Rule-based prerequisites: Aligned and cascaded KPIs: Fulfilled; Embedded analyst or insight capability: Fulfilled,Not provided
Thailand,Strategic Thinking,"Are Campaign Strategies cascaded to the Studio, or is the Studio given the opportunity to Strategize content planning?",Campaign strategy embedded in content planning,Nestlé,Fulfilled,Status workbook: On-Going — Currently TH dont have dedicated content strategy but utilise strategic planner team to support this area,None identified in scorecard,Dedicated content strategy capability embedded in the studio,WPP,Source dependency: Not provided · Rule-based prerequisites: Dedicated content strategy capability: Fulfilled; Complete briefs with sufficient lead time and timely challenge: Fulfilled,Not provided
Thailand,Production Excellence,Are previous learnings and insights shared during briefs?,"Prior learnings applied to briefs, planning and optimization",Nestlé,Fulfilled,"Status workbook: Not Started — It depends on the client's request or the regular report, rather than optimizing in real time.",None identified in scorecard,"Pre, in, and post campaign learning cycle exists",Shared,"Source dependency: It depends on the client's request or the regular report, rather than optimizing in real time. · Rule-based prerequisites: Aligned and cascaded KPIs: Fulfilled; Shared operational and effectiveness dashboard: Open; Embedded analyst or insight capability: Fulfilled",Not provided
Thailand,Production Excellence,Are brand creative mandatories and campaign masters cascaded to the Content Studio?,Brand fundamentals and campaign masters embedded in creative work,Nestlé,Fulfilled,Status workbook: On-Going — Using licenses provided by Nestle,None identified in scorecard,Creative quality checks and operational quality controls are embedded,WPP,Source dependency: Not provided · Rule-based prerequisites: No rule-based prerequisite mapped,Not provided
Thailand,Production Excellence,Has the Studio been provided access to the Nestlé toolstack?,Access to and use of the Nestlé tool stack,Nestlé,Fulfilled,Not provided,None identified in scorecard,Not provided,Not provided,Source dependency: Not provided · Rule-based prerequisites: No rule-based prerequisite mapped,Not provided
Thailand,Production Excellence,Does the Studio have access to CreativeX across all serviced brands?,CreativeX access and compliant use,Nestlé,Fulfilled,Status workbook: On-Going — Using licenses provided by Nestle,None identified in scorecard,Creative quality checks and operational quality controls are embedded,WPP,Source dependency: Not provided · Rule-based prerequisites: Access to and use of the Nestlé tool stack: Fulfilled,Not provided
Thailand,Production Excellence,Has the Studio been provided access to TalkWalker?,Talkwalker or equivalent audience and trend intelligence,Nestlé,Fulfilled,"Status workbook: On-Going — Ongoing Utilization of Discovery, Planning, and Reporting Stages",None identified in scorecard,Trend tools actively support planning and response,Shared,Source dependency: Not provided · Rule-based prerequisites: Access to and use of the Nestlé tool stack: Fulfilled; Embedded analyst or insight capability: Fulfilled,Not provided
Thailand,Production Excellence,"Has the Studio been onboarded on ContentHub, and are upload approvals done in a timely manner?","ContentHub onboarding, upload and tagging discipline",Nestlé,Fulfilled,"Status workbook: On-Going — For internal processes, we will provide updates biweekly.",None identified in scorecard,Content Hub or equivalent is actively used,Shared,Source dependency: Not provided · Rule-based prerequisites: Consistent shared workflow and approval process: Open; Access to and use of the Nestlé tool stack: Fulfilled,Not provided
Thailand,Production Excellence,"Has the Studio been provided access to Nestlé AI tools (Firefly, Getty)?",Compliant AI access and practical workflow use,Nestlé,Fulfilled,"Status workbook: On-Going — Currently utilized for strategic development and content brainstorming, yet fully integrated into the creative production process.",None identified in scorecard,"AI is used in practical ways that improve speed, insight, adaptation, or workflow",Shared,Source dependency: Not provided · Rule-based prerequisites: Access to and use of the Nestlé tool stack: Fulfilled,Not provided
Thailand,Production Excellence,Have the Studio creatives been provided Nestlé licenses for Adobe Creative Cloud?,Adobe Creative Cloud access and production use,Nestlé,Fulfilled,Status workbook: On-Going — Not fully integrated into the production stage.,None identified in scorecard,Localization technology supports efficiency and consistency,WPP,Source dependency: Not provided · Rule-based prerequisites: Access to and use of the Nestlé tool stack: Fulfilled; Dedicated internal or external production capability: Open,Not provided
Thailand,Production Excellence,"Is multiplicity embedded in brief requirements, and supported by Media placements?",Multiplicity embedded in briefing and content planning,Nestlé,Fulfilled,"Status workbook: On-Going — We have recently begun developing content for Multilicity, ensuring that it is tailored to the platform's needs. Internally, we will conduct training on the Multiplicity playbook and aim to establish a consistent workflow or standard operating procedures across all teams. If you have any insights, formats, work processes, or training materials, please feel free to share!",None identified in scorecard,Content is designed for re expression from the start,WPP,"Source dependency: Not provided · Rule-based prerequisites: Complete briefs with sufficient lead time and timely challenge: Fulfilled; Media, CRM and performance collaboration embedded in planning: Fulfilled",Not provided
Thailand,Category Expertise,"Has the Media, CRM and Performance Agencies been endorsed to the Content Studio for collaboration efforts?","Media, CRM and performance collaboration embedded in planning",Nestlé,Fulfilled,"Status workbook: Not Started — Collaboration has been limited in our work, and our current approach involves working separately rather than engaging in comprehensive planning and development together.",None identified in scorecard,Media and content teams are connected in planning and review,Shared,Source dependency: Not provided · Rule-based prerequisites: Brand stakeholders involved in content planning: Fulfilled; Regular leadership and brand governance cadence: Open,Not provided
Thailand,Category Expertise,Are the correct briefs cascaded to the Content Studio?,Correct brief routing and redirection,Nestlé,Fulfilled,Not provided,None identified in scorecard,Not provided,Not provided,Source dependency: Not provided · Rule-based prerequisites: Regular leadership and brand governance cadence: Open; Consistent shared workflow and approval process: Open,Not provided
Thailand,Category Expertise,Has the Studio been endorsed to AOR and NBS?,Defined collaboration with AOR and NBS,Nestlé,Partially fulfilled,Not provided,Defined collaboration with AOR and NBS,Not provided,Not provided,Source dependency: Not provided · Rule-based prerequisites: Correct brief routing and redirection: Fulfilled; Regular leadership and brand governance cadence: Open,Not provided
Thailand,Category Expertise,"Has the Studio been properly onboarded on the Brand/s (including but not limited to audience/s, product/s, brand mandatories)?","Current brand, audience and category knowledge",Nestlé,Fulfilled,Not provided,None identified in scorecard,Not provided,Not provided,Source dependency: Not provided · Rule-based prerequisites: Brand stakeholders involved in content planning: Fulfilled,Not provided
Thailand,Operational Excellence & Hygiene,Is there a senior WPP Studio Lead?,Senior WPP studio leadership,WPP,Fulfilled,Status workbook: Done — MD is not 100% dedicated to the Studio. Kim Pongsakorn is studio leader,None identified in scorecard,"WPP studio lead with authority across strategy, operations, capability, and stakeholder management",WPP,Source dependency: Not provided · Rule-based prerequisites: No rule-based prerequisite mapped,Not provided
Thailand,Operational Excellence & Hygiene,Is there a WPP Creative Lead?,Dedicated WPP creative leadership,WPP,Fulfilled,Not provided,None identified in scorecard,Not provided,Not provided,Source dependency: Not provided · Rule-based prerequisites: No rule-based prerequisite mapped,Not provided
Thailand,Operational Excellence & Hygiene,"Is there a Creator, Community, or Adaptive Content Specialist?","Creator, community or adaptive-content specialist coverage",WPP,Fulfilled,"Status workbook: On-Going — TH requires a serious level of expertise to oversee this area, specifically individuals with a robust background in influencer management and strategy. Currently, we only have mid-level personnel focused solely on influencer management.",None identified in scorecard,Specialist roles only where scope demands them,WPP,Source dependency: Not provided · Rule-based prerequisites: Clear annual scope by quantity and asset type: Fulfilled,Not provided
Thailand,Operational Excellence & Hygiene,Is there a WPP Production Lead?,Dedicated WPP production leadership,WPP,Not fulfilled,"Status workbook: Not Started — In TH, we currently do not have a production lead; however, we have a project manager who will assist in managing team availability and collaborating with the client service team.",Dedicated WPP production leadership,"Strong production owner managing workflow, quality, and scaling",WPP,Source dependency: Not provided · Rule-based prerequisites: Clear annual scope by quantity and asset type: Fulfilled; Commercial documents issued to agreed timelines: Fulfilled,Not provided
Thailand,Operational Excellence & Hygiene,Are KPIs aligned and cascaded and agreed on?,Aligned and cascaded KPIs,WPP,Fulfilled,Status workbook: On-Going — KPI provided per brief,None identified in scorecard,KPIs are defined at the start and tied to content and business outcomes,"Nestlé sets business priorities, WPP translates into content metrics",Source dependency: Not provided · Rule-based prerequisites: No rule-based prerequisite mapped,Not provided
Thailand,Operational Excellence & Hygiene,Is the Content Studio team built to fulfill scope?,Team capability aligned to approved scope,WPP,Fulfilled,"Status workbook: On-Going — I still have requests for some tasks that fall outside of Content Studio, but they can be billed at an hourly rate.",None identified in scorecard,No capability should be expected unless it sits in scope and resource plan,Shared,Source dependency: Not provided · Rule-based prerequisites: Clear annual scope by quantity and asset type: Fulfilled; Commercial documents issued to agreed timelines: Fulfilled,Not provided
Thailand,Operational Excellence & Hygiene,Are CEs provided based on agreed timelines from date of brief?,Commercial documents issued to agreed timelines,WPP,Fulfilled,"Status workbook: On-Going — We are on track; however, we often have Ad Hoc briefs, which is why there are times when we need to work simultaneously with the PO process.",None identified in scorecard,Timely POs and Scope Closing,Shared,Source dependency: Not provided · Rule-based prerequisites: Clear annual scope by quantity and asset type: Fulfilled,Not provided
Thailand,Operational Excellence & Hygiene,"Are legal, rights, talent and versioning cascades followed?","Legal, rights, talent and versioning requirements cascaded and followed",WPP,Fulfilled,Not provided,None identified in scorecard,Not provided,Not provided,Source dependency: Not provided · Rule-based prerequisites: No rule-based prerequisite mapped,Not provided
Thailand,Operational Excellence & Hygiene,Does the Studio collaborate with Brand Stakeholders in Content Planning?,Brand stakeholders involved in content planning,WPP,Fulfilled,"Status workbook: On-Going — At present, we have established connections with all brands and are collaborating closely with the brand manager of each one.",None identified in scorecard,Named brand contacts who actively participate in planning,Nestlé,Source dependency: Not provided · Rule-based prerequisites: No rule-based prerequisite mapped,Not provided
Thailand,Operational Excellence & Hygiene,Are briefs challenged and additional needed information/materials requested in a timely manner?,Complete briefs with sufficient lead time and timely challenge,WPP,Fulfilled,"Status workbook: On-Going — Following our studio showcase, TH has gained more strategic briefs that encompass not only asset development but also a blend of various elements.",None identified in scorecard,"Briefs arrive complete, early enough, and through one agreed entry route","Nestlé for brief quality, WPP for QA",Source dependency: Not provided · Rule-based prerequisites: No rule-based prerequisite mapped,Not provided
Thailand,Operational Excellence & Hygiene,Does the Studio Lead meet with the Nestlé Studio Manager/Owner on a monthly and/or quarterly basis?,Regular leadership and brand governance cadence,WPP,Not fulfilled,"Status workbook: On-Going — For ongoing projects or long-term campaigns, the team should conduct regular performance updates and create an optimization plan.",Regular leadership and brand governance cadence,"Weekly working sessions, monthly ops, quarterly strategic reviews are active",Shared,Source dependency: Not provided · Rule-based prerequisites: Dedicated Nestlé studio owner or manager: Fulfilled; Senior WPP studio leadership: Fulfilled,Not provided
Thailand,Operational Excellence & Hygiene,Are Brand Governance meetings in place with the Content Studio?,Regular leadership and brand governance cadence,WPP,Fulfilled,"Status workbook: On-Going — For ongoing projects or long-term campaigns, the team should conduct regular performance updates and create an optimization plan.",None identified in scorecard,"Weekly working sessions, monthly ops, quarterly strategic reviews are active",Shared,Source dependency: Not provided · Rule-based prerequisites: Dedicated Nestlé studio owner or manager: Fulfilled; Senior WPP studio leadership: Fulfilled,Not provided
Thailand,Operational Excellence & Hygiene,Is a shared workflow tool used consistently?,Consistent shared workflow and approval process,WPP,Not fulfilled,"Status workbook: On-Going — There is a need for improvement, but this occurs because we lack a dedicated team and have to rely on ad hoc briefs. Therefore, we must manage our workflow according to the situation at hand.",Consistent shared workflow and approval process,"Workflow is clear, disciplined, and supported by tools",Shared,Source dependency: Not provided · Rule-based prerequisites: Regular leadership and brand governance cadence: Open,Not provided
Thailand,Operational Excellence & Hygiene,Does the Content Studio use BrandShare?,Consistent BrandShare adoption,WPP,Not fulfilled,Status workbook: Not Started — Thailand team will be onboarded on BrandShare,Consistent BrandShare adoption,BrandShare or equivalent is used as source of truth,Shared,Source dependency: Not provided · Rule-based prerequisites: Consistent shared workflow and approval process: Open; Access to and use of the Nestlé tool stack: Fulfilled,Not provided
Thailand,Strategic Thinking,Is Strategy a dedicated capability in the Content Studio inherent in campaign planning?,Dedicated content strategy capability,WPP,Fulfilled,Status workbook: On-Going — Currently TH dont have dedicated content strategy but utilise strategic planner team to support this area,None identified in scorecard,Dedicated content strategy capability embedded in the studio,WPP,Source dependency: Not provided · Rule-based prerequisites: Clear annual scope by quantity and asset type: Fulfilled; Senior WPP studio leadership: Fulfilled,Not provided
Thailand,Strategic Thinking,Is there an analyst or insight function within the Content Studio?,Embedded analyst or insight capability,WPP,Fulfilled,"Status workbook: On-Going — TH has the opportunity to grow and leverage more real-time data; however, currently, TH only utilizes this data as part of its strategy and has not yet integrated it across the entire team.",None identified in scorecard,Analyst or insight role embedded in planning and optimization,WPP with Nestlé support on data access,Source dependency: Not provided · Rule-based prerequisites: Clear annual scope by quantity and asset type: Fulfilled; Access to and use of the Nestlé tool stack: Fulfilled,Not provided
Thailand,Strategic Thinking,"Is there one shared dashboard to measure asset quantity, creative quality, speed and effectiveness?",Shared operational and effectiveness dashboard,WPP,Not fulfilled,"Status workbook: Not Started — The team hasn't started yet, but if you have any best practice formats to share, please do!",Shared operational and effectiveness dashboard,"One shared dashboard for output, speed, quality, and effectiveness",Shared,Source dependency: Not provided · Rule-based prerequisites: Aligned and cascaded KPIs: Fulfilled; Embedded analyst or insight capability: Fulfilled,Not provided
Thailand,Strategic Thinking,Is one clear Strategy embedded in Content Planning?,Campaign strategy embedded in content planning,WPP,Fulfilled,Status workbook: On-Going — Currently TH dont have dedicated content strategy but utilise strategic planner team to support this area,None identified in scorecard,Dedicated content strategy capability embedded in the studio,WPP,Source dependency: Not provided · Rule-based prerequisites: Dedicated content strategy capability: Fulfilled; Complete briefs with sufficient lead time and timely challenge: Fulfilled,Not provided
Thailand,Production Excellence,Are brand learnings and campaign insights included in Strategy and Content Planning?,"Prior learnings applied to briefs, planning and optimization",WPP,Fulfilled,"Status workbook: Not Started — It depends on the client's request or the regular report, rather than optimizing in real time.",None identified in scorecard,"Pre, in, and post campaign learning cycle exists",Shared,"Source dependency: It depends on the client's request or the regular report, rather than optimizing in real time. · Rule-based prerequisites: Aligned and cascaded KPIs: Fulfilled; Shared operational and effectiveness dashboard: Open; Embedded analyst or insight capability: Fulfilled",Not provided
Thailand,Production Excellence,Is creative work built on and reviewed based on brand fundamendals and campaign masters?,Brand fundamentals and campaign masters embedded in creative work,WPP,Fulfilled,Status workbook: On-Going — Using licenses provided by Nestle,None identified in scorecard,Creative quality checks and operational quality controls are embedded,WPP,Source dependency: Not provided · Rule-based prerequisites: No rule-based prerequisite mapped,Not provided
Thailand,Production Excellence,Does the Content Studio use Nestlé-provided licenses in asset production?,Access to and use of the Nestlé tool stack,WPP,Fulfilled,Not provided,None identified in scorecard,Not provided,Not provided,Source dependency: Not provided · Rule-based prerequisites: No rule-based prerequisite mapped,Not provided
Thailand,Production Excellence,"Do all boosted assets go through CX, with only 100% scored assets turned over?",CreativeX access and compliant use,WPP,Fulfilled,Status workbook: On-Going — Using licenses provided by Nestle,None identified in scorecard,Creative quality checks and operational quality controls are embedded,WPP,Source dependency: Not provided · Rule-based prerequisites: Access to and use of the Nestlé tool stack: Fulfilled,Not provided
Thailand,Production Excellence,"Does the Studio use Talkwalker or any WPP tool to gather audience, search, social, CRM, performance or trends?",Talkwalker or equivalent audience and trend intelligence,WPP,Fulfilled,"Status workbook: On-Going — Ongoing Utilization of Discovery, Planning, and Reporting Stages",None identified in scorecard,Trend tools actively support planning and response,Shared,Source dependency: Not provided · Rule-based prerequisites: Access to and use of the Nestlé tool stack: Fulfilled; Embedded analyst or insight capability: Fulfilled,Not provided
Thailand,Production Excellence,Are final assets uploaded to ContentHub and tagged correctly on a regular basis?,"ContentHub onboarding, upload and tagging discipline",WPP,Fulfilled,"Status workbook: On-Going — For internal processes, we will provide updates biweekly.",None identified in scorecard,Content Hub or equivalent is actively used,Shared,Source dependency: Not provided · Rule-based prerequisites: Consistent shared workflow and approval process: Open; Access to and use of the Nestlé tool stack: Fulfilled,Not provided
Thailand,Production Excellence,"Are AI Tools like WPP Open used to imrpve workflow, analysis and planning; Nestlé-compliant AI tools (Firefly) are used for adaptation and craft?",Compliant AI access and practical workflow use,WPP,Fulfilled,"Status workbook: On-Going — Currently utilized for strategic development and content brainstorming, yet fully integrated into the creative production process.",None identified in scorecard,"AI is used in practical ways that improve speed, insight, adaptation, or workflow",Shared,Source dependency: Not provided · Rule-based prerequisites: Access to and use of the Nestlé tool stack: Fulfilled,Not provided
Thailand,Production Excellence,Does the Studio utilize Nestlé licenses for Adobe Creative Cloud?,Adobe Creative Cloud access and production use,WPP,Fulfilled,Status workbook: On-Going — Not fully integrated into the production stage.,None identified in scorecard,Localization technology supports efficiency and consistency,WPP,Source dependency: Not provided · Rule-based prerequisites: Access to and use of the Nestlé tool stack: Fulfilled; Dedicated internal or external production capability: Open,Not provided
Thailand,Production Excellence,Is content planned for multiplicity?,Multiplicity embedded in briefing and content planning,WPP,Fulfilled,"Status workbook: On-Going — We have recently begun developing content for Multilicity, ensuring that it is tailored to the platform's needs. Internally, we will conduct training on the Multiplicity playbook and aim to establish a consistent workflow or standard operating procedures across all teams. If you have any insights, formats, work processes, or training materials, please feel free to share!",None identified in scorecard,Content is designed for re expression from the start,WPP,"Source dependency: Not provided · Rule-based prerequisites: Complete briefs with sufficient lead time and timely challenge: Fulfilled; Media, CRM and performance collaboration embedded in planning: Fulfilled",Not provided
Thailand,Category Expertise,"Are media, CRM and performance insights embeded into content planning, timelines and content optimization?","Media, CRM and performance collaboration embedded in planning",WPP,Fulfilled,"Status workbook: Not Started — Collaboration has been limited in our work, and our current approach involves working separately rather than engaging in comprehensive planning and development together.",None identified in scorecard,Media and content teams are connected in planning and review,Shared,Source dependency: Not provided · Rule-based prerequisites: Brand stakeholders involved in content planning: Fulfilled; Regular leadership and brand governance cadence: Open,Not provided
Thailand,Category Expertise,Are incorrect briefs redirected to NBS or other content partners?,Correct brief routing and redirection,WPP,Fulfilled,Not provided,None identified in scorecard,Not provided,Not provided,Source dependency: Not provided · Rule-based prerequisites: Regular leadership and brand governance cadence: Open; Consistent shared workflow and approval process: Open,Not provided
Thailand,Category Expertise,Does the Studio work with NBS?,Defined collaboration with AOR and NBS,WPP,Not fulfilled,Not provided,Defined collaboration with AOR and NBS,Not provided,Not provided,Source dependency: Not provided · Rule-based prerequisites: Correct brief routing and redirection: Fulfilled; Regular leadership and brand governance cadence: Open,Not provided
Thailand,Category Expertise,Does the Studio work with AOR?,Defined collaboration with AOR and NBS,WPP,Fulfilled,Not provided,None identified in scorecard,Not provided,Not provided,Source dependency: Not provided · Rule-based prerequisites: Correct brief routing and redirection: Fulfilled; Regular leadership and brand governance cadence: Open,Not provided
Thailand,Category Expertise,Is brand knowledge updated based on industry and brand movements?,"Current brand, audience and category knowledge",WPP,Fulfilled,Not provided,None identified in scorecard,Not provided,Not provided,Source dependency: Not provided · Rule-based prerequisites: Brand stakeholders involved in content planning: Fulfilled,Not provided
Thailand,Category Expertise,Does the studio have a dedicated external or inhouse production or capability?,Dedicated internal or external production capability,WPP,Not fulfilled,"Status workbook: On-Going — Currently, every brand must manage overall quality; however, we need to get ready for the Category Studio, where clients anticipate a higher level of production expertise.",Dedicated internal or external production capability,"Production model is intentional, scalable, and quality controlled",WPP,Source dependency: Not provided · Rule-based prerequisites: Clear annual scope by quantity and asset type: Fulfilled; Commercial documents issued to agreed timelines: Fulfilled; Dedicated WPP production leadership: Open,Not provided
Thailand,Category Expertise,Does the Studio utilize brand audience and segmentation in Content Planning?,Audience and segmentation applied to content planning,WPP,Fulfilled,Status workbook: On-Going,None identified in scorecard,Audience and segmentation shape planning decisions,Shared,Source dependency: Not provided · Rule-based prerequisites: Dedicated content strategy capability: Fulfilled; Embedded analyst or insight capability: Fulfilled,Not provided
Thailand,Category Expertise,Does the Studio utilize community and social signals used in Content Planning?,Community and social signals applied to content planning,WPP,Fulfilled,Status workbook: On-Going,None identified in scorecard,Trend and community signals actively shape ideas and content actions,Shared,Source dependency: Not provided · Rule-based prerequisites: Embedded analyst or insight capability: Fulfilled; Talkwalker or equivalent audience and trend intelligence: Fulfilled,Not provided
Japan,Operational Excellence & Hygiene,Is there a dedicated Nestlé Studio Owner/Manager?,Dedicated Nestlé studio owner or manager,Nestlé,Fulfilled,"Status workbook: Done — Nestlé appointed Kurita-san as the client-side Content Studio Lead in May, providing more senior leadership above Jindo-san. Since then, strategic alignment, communication with the Business Groups, and collaboration with senior stakeholders have significantly improved. (7/27)",None identified in scorecard,"Dedicated Nestlé studio owner with authority across planning, approvals, and operations",Nestlé,Source dependency: Not provided · Rule-based prerequisites: No rule-based prerequisite mapped,Not provided
Japan,Operational Excellence & Hygiene,Is there a Senior Nestlé Sponsor?,Active senior Nestlé sponsorship,Nestlé,Fulfilled,"Status workbook: Done — As CMO, Jiroh-san oversees the CS team and holds regular catch-up meetings with us. Business leaders such as Olivier and Shimakawa-san also participate in these quarterly catch-up meetings. Akira will check with the team regarding a new leader following Shimakawa-san's promotion (7/27)",None identified in scorecard,Senior Nestlé sponsor actively supports the studio as a strategic content model,Nestlé,Source dependency: Not provided · Rule-based prerequisites: No rule-based prerequisite mapped,Not provided
Japan,Operational Excellence & Hygiene,Are KPIs aligned and cascaded and agreed on?,Aligned and cascaded KPIs,Nestlé,Not fulfilled,"Status workbook: On-Going — 1. We’ve shared the brief template with the client several times, but they aren’t used to it yet, so they haven’t been using it much. 2. So yesterday, we shared a simplified version of the brief template with the client and held a workshop to fill it out together (for KitKat Icon). The goal is first to get the client familiar with the briefing process using the simplified version, and then have them start using the full package by the end of the year. (8/6)",Aligned and cascaded KPIs,KPIs should be defined before work starts and tracked consistently,"Nestlé sets business priorities, WPP translates into content metrics",Source dependency: Not provided · Rule-based prerequisites: No rule-based prerequisite mapped,Not provided
Japan,Operational Excellence & Hygiene,"Is scope provided on an annual basis (qty, asset type)?",Clear annual scope by quantity and asset type,Nestlé,Fulfilled,"Status workbook: On-Going — 1. We will hold a meeting with Finance on Friday to analyze the capabilities and time we have allocated to past scopes. Based on the results of this analysis, we will gain a deeper understanding of what capabilities and FTE %s are required for each project type. 2. Although the client has shared the annual marketing plan, the information is not provided in sufficient detail to understand which specific scopes are expected to be ordered to CS. Since we cannot estimate the annual scope or create a forecast, we are unable to retain the necessary team and maintain the required capabilities and bandwidth. (8/6)",None identified in scorecard,"Scope must be explicit, stable, and capability led","Shared, Nestlé signs off",Source dependency: Not provided · Rule-based prerequisites: No rule-based prerequisite mapped,Not provided
Japan,Operational Excellence & Hygiene,Are POs are issued based on agreed timelines?,Commercial documents issued to agreed timelines,Nestlé,Fulfilled,"Status workbook: On-Going — Because RFPs are issued frequently, the team isn't able to build the experience, and they have to allocate their limited bandwidth to preparing for pitches, leaving them exhausted. (8/6)",None identified in scorecard,Timely POs and Scope Closing,Shared,Source dependency: Not provided · Rule-based prerequisites: Clear annual scope by quantity and asset type: Fulfilled,Not provided
Japan,Operational Excellence & Hygiene,Are asset and talent usage rights cascaded to the Content Studio?,"Legal, rights, talent and versioning requirements cascaded and followed",Nestlé,Fulfilled,Not provided,None identified in scorecard,Not provided,Not provided,Source dependency: Not provided · Rule-based prerequisites: No rule-based prerequisite mapped,Not provided
Japan,Operational Excellence & Hygiene,Are Brand Stakeholders involved in Content Planning?,Brand stakeholders involved in content planning,Nestlé,Fulfilled,"Status workbook: On-Going — For KitKat, we have established a foundation with the client, as we serve as the Creative Agency. For Nescafé, building stronger relationships with the Brand Managers remains a greater challenge. - Espresso-based: Muraoka, Tokiwa (Relationships aren’t very robust due to limited scope) - KOTONE Yoshinaga, Kuriyama (Won the RFP; currently building relationships) (8/6)",None identified in scorecard,"Brand stakeholders are active planning partners, not only approvers",Nestlé,Source dependency: Not provided · Rule-based prerequisites: No rule-based prerequisite mapped,Not provided
Japan,Operational Excellence & Hygiene,"Do briefs provide enough lead time to ideate and produce, and are complete (key message, asset bank, target audience)?",Complete briefs with sufficient lead time and timely challenge,Nestlé,Not fulfilled,"Status workbook: On-Going — 1. Current briefs are information decks and that too not complete. Information gets trickled down. That said, Rahul has drafted a template for the briefing document, which will include KPIs and metrics. For a KitKat project, we conducted an exercise in which the client completed the briefing template, followed by a walkthrough with the Content Studio team to review the brief together and confirm that all the necessary information had been included. 2. Nestle to share their latest topline brief that’s for master campaigns. Once we have visibility we will fine tune the CS briefs for Large, mid and small types of campaigns. Also note since BBNW there is a plan for a unified brief template and annual planning to be rolled out. (8/6)",Complete briefs with sufficient lead time and timely challenge,Briefs should come through one route and be complete enough for strategic input,"Nestlé for brief quality, WPP for QA",Source dependency: Not provided · Rule-based prerequisites: No rule-based prerequisite mapped,Not provided
Japan,Operational Excellence & Hygiene,Does the Nestlé Studio Manager/Owner meet with the Studio Lead on a monthly and/or quarterly basis?,Regular leadership and brand governance cadence,Nestlé,Fulfilled,"Status workbook: On-Going — Building a governance process to probe metrics across - - Client health - Studio operations - Creative performance - Commercial performance - Team health So we can then start to look deeper into - - On-time delivery and approval cycles - Rework rate - Utilization and margin - Cost per asset or deliverable - Content velocity - Reach, completion rate, saves, shares, CTR or other objective-specific KPIs - Organic versus paid contribution - Performance by format and platform - Client satisfaction and scope growth - Team workload and attrition risk (8/6)",None identified in scorecard,"Weekly working sessions, monthly ops, and quarterly strategic reviews should be live",Shared,"Source dependency: Building a governance process to probe metrics across - - Client health - Studio operations - Creative performance - Commercial performance - Team health So we can then start to look deeper into - - On-time delivery and approval cycles - Rework rate - Utilization and margin - Cost per asset or deliverable - Content velocity - Reach, completion rate, saves, shares, CTR or other objective-specific KPIs - Organic versus paid contribution - Performance by format and platform - Client satisfaction and scope growth - Team workload and attrition risk (8/6) Japan needs a more active governance model that looks beyond status and into decisions, learning, and capability build · Rule-based prerequisites: Dedicated Nestlé studio owner or manager: Fulfilled; Senior WPP studio leadership: Fulfilled",Not provided
Japan,Operational Excellence & Hygiene,Are Brand Governance meetings in place with the Content Studio?,Regular leadership and brand governance cadence,Nestlé,Fulfilled,"Status workbook: On-Going — Building a governance process to probe metrics across - - Client health - Studio operations - Creative performance - Commercial performance - Team health So we can then start to look deeper into - - On-time delivery and approval cycles - Rework rate - Utilization and margin - Cost per asset or deliverable - Content velocity - Reach, completion rate, saves, shares, CTR or other objective-specific KPIs - Organic versus paid contribution - Performance by format and platform - Client satisfaction and scope growth - Team workload and attrition risk (8/6)",None identified in scorecard,"Weekly working sessions, monthly ops, and quarterly strategic reviews should be live",Shared,"Source dependency: Building a governance process to probe metrics across - - Client health - Studio operations - Creative performance - Commercial performance - Team health So we can then start to look deeper into - - On-time delivery and approval cycles - Rework rate - Utilization and margin - Cost per asset or deliverable - Content velocity - Reach, completion rate, saves, shares, CTR or other objective-specific KPIs - Organic versus paid contribution - Performance by format and platform - Client satisfaction and scope growth - Team workload and attrition risk (8/6) Japan needs a more active governance model that looks beyond status and into decisions, learning, and capability build · Rule-based prerequisites: Dedicated Nestlé studio owner or manager: Fulfilled; Senior WPP studio leadership: Fulfilled",Not provided
Japan,Operational Excellence & Hygiene,Is a shared workflow tool used consistently?,Consistent shared workflow and approval process,Nestlé,Not fulfilled,"Status workbook: On-Going — Rahul has compiled the decks regarding the operation process, but we haven't present them to the client yet. We plan to present them along with the Manila discussion later this month. (8/6)",Consistent shared workflow and approval process,"Workflow should be structured, disciplined, and supported by tools",Shared,Source dependency: Not provided · Rule-based prerequisites: Regular leadership and brand governance cadence: Fulfilled,Not provided
Japan,Operational Excellence & Hygiene,Does the Nestlé utilize BrandShare?,Consistent BrandShare adoption,Nestlé,Not fulfilled,Status workbook: Not Applicable — We are not using tools to track process/progress now. (8/6),Consistent BrandShare adoption,BrandShare Implemented,Shared,Source dependency: Not provided · Rule-based prerequisites: Consistent shared workflow and approval process: Open; Access to and use of the Nestlé tool stack: Open,Not provided
Japan,Strategic Thinking,Are fire briefs cascaded to the Content Studio?,Complete briefs with sufficient lead time and timely challenge,Nestlé,Fulfilled,"Status workbook: On-Going — 1. Current briefs are information decks and that too not complete. Information gets trickled down. That said, Rahul has drafted a template for the briefing document, which will include KPIs and metrics. For a KitKat project, we conducted an exercise in which the client completed the briefing template, followed by a walkthrough with the Content Studio team to review the brief together and confirm that all the necessary information had been included. 2. Nestle to share their latest topline brief that’s for master campaigns. Once we have visibility we will fine tune the CS briefs for Large, mid and small types of campaigns. Also note since BBNW there is a plan for a unified brief template and annual planning to be rolled out. (8/6)",None identified in scorecard,Briefs should come through one route and be complete enough for strategic input,"Nestlé for brief quality, WPP for QA",Source dependency: Not provided · Rule-based prerequisites: No rule-based prerequisite mapped,Not provided
Japan,Strategic Thinking,"Is there one shared dashboard to measure asset quantity, creative quality, speed and effectiveness?",Shared operational and effectiveness dashboard,Nestlé,Not fulfilled,Status workbook: On-Going — We are aware that each agency/team creates their own report and our gut says all this just stays isolated and there isnt one organised dashboard to look at across funnel. We do get time to time metrics when asked. (8/6),Shared operational and effectiveness dashboard,"One dashboard should track output, speed, quality, and effectiveness",Shared,Source dependency: Not provided · Rule-based prerequisites: Aligned and cascaded KPIs: Open; Embedded analyst or insight capability: Fulfilled,Not provided
Japan,Strategic Thinking,"Are Campaign Strategies cascaded to the Studio, or is the Studio given the opportunity to Strategize content planning?",Campaign strategy embedded in content planning,Nestlé,Fulfilled,"Status workbook: On-Going — 1. With Kurita-san on board, the client has come to understand the need to deepen our understanding of the brand. As part of the NBA KOTONE project, they have organized immersive sessions and other activities to fill in the gaps in our understanding of the brand and product. 2. For now, we’re focusing on delivering the SoW we’ve been awarded. While the immersive sessions are beneficial, they place a burden on both the agency and the client, so we won’t proceed haphazardly; instead, we’ll move forward in stages as needed through initiatives like KOTONE and “Make Your World.” 3. Could you tell us what you’ve done in other markets? Even though we’re not the brand’s incumbent agency, aren’t there markets where you have a CS business? (8/6)",None identified in scorecard,Strategy should actively shape content planning,WPP,Source dependency: Not provided · Rule-based prerequisites: Dedicated content strategy capability: Fulfilled; Complete briefs with sufficient lead time and timely challenge: Open,Not provided
Japan,Production Excellence,Are previous learnings and insights shared during briefs?,"Prior learnings applied to briefs, planning and optimization",Nestlé,Not fulfilled,"Status workbook: On-Going — 1. For KitKat, as many projects fall within the scope of CS, we receive post-campaign reports in most cases, which enables us to identify learnings and optimize future activities more effectively. 2. For Nescafé, CS does not provide amplification and adaptation support (via NBS) for every project, and there are also many projects where CS is not involved. While we do receive post-campaign reports for some campaigns, this process has not yet been fully standardized. Therefore, we would like to establish guidelines and a consistent approach going forward. (8/6)","Prior learnings applied to briefs, planning and optimization","Pre, in, and post campaign learning should exist",Shared,Source dependency: Not provided · Rule-based prerequisites: Aligned and cascaded KPIs: Open; Shared operational and effectiveness dashboard: Open; Embedded analyst or insight capability: Fulfilled,Not provided
Japan,Production Excellence,Are brand creative mandatories and campaign masters cascaded to the Content Studio?,Brand fundamentals and campaign masters embedded in creative work,Nestlé,Fulfilled,Status workbook: For Updating — CreativeX and others,None identified in scorecard,Creative and operational quality checks should be embedded,WPP,Source dependency: Not provided · Rule-based prerequisites: No rule-based prerequisite mapped,Not provided
Japan,Production Excellence,Has the Studio been provided access to the Nestlé toolstack?,Access to and use of the Nestlé tool stack,Nestlé,Not fulfilled,Not provided,Access to and use of the Nestlé tool stack,Not provided,Not provided,Source dependency: Not provided · Rule-based prerequisites: No rule-based prerequisite mapped,Not provided
Japan,Production Excellence,Does the Studio have access to CreativeX across all serviced brands?,CreativeX access and compliant use,Nestlé,Fulfilled,Status workbook: For Updating — CreativeX and others,None identified in scorecard,Creative and operational quality checks should be embedded,WPP,Source dependency: Not provided · Rule-based prerequisites: Access to and use of the Nestlé tool stack: Open,Not provided
Japan,Production Excellence,Has the Studio been provided access to TalkWalker?,Talkwalker or equivalent audience and trend intelligence,Nestlé,Not fulfilled,Status workbook: Done — Talkwalker & Sprinkler (8/6),Talkwalker or equivalent audience and trend intelligence,Social listening and trend inputs should support planning where relevant,Shared,Source dependency: Not provided · Rule-based prerequisites: Access to and use of the Nestlé tool stack: Open; Embedded analyst or insight capability: Fulfilled,Not provided
Japan,Production Excellence,"Has the Studio been onboarded on ContentHub, and are upload approvals done in a timely manner?","ContentHub onboarding, upload and tagging discipline",Nestlé,Fulfilled,Status workbook: Done — Uploading to assets to the Content Hub for 2026 Q1 is completed. (8/6),None identified in scorecard,Content Hub or equivalent should be actively used and structured,Shared,Source dependency: Not provided · Rule-based prerequisites: Consistent shared workflow and approval process: Open; Access to and use of the Nestlé tool stack: Open,2026-07-10
Japan,Production Excellence,"Has the Studio been provided access to Nestlé AI tools (Firefly, Getty)?",Compliant AI access and practical workflow use,Nestlé,Fulfilled,Status workbook: On-Going — Adobe Firefly base + custom model for Kitkat (8/6),None identified in scorecard,"AI should be used where it improves speed, adaptation, or analysis",Shared,Source dependency: Not provided · Rule-based prerequisites: Access to and use of the Nestlé tool stack: Open,Not provided
Japan,Production Excellence,Have the Studio creatives been provided Nestlé licenses for Adobe Creative Cloud?,Adobe Creative Cloud access and production use,Nestlé,Not fulfilled,Status workbook: Done — Adaptation is mostly Nescafe heavy done by NBS Manila managed by our Offshore PM in JP. (8/6),Adobe Creative Cloud access and production use,Localization technology is already one of Japan’s stronger areas,WPP,Source dependency: Not provided · Rule-based prerequisites: Access to and use of the Nestlé tool stack: Open; Dedicated internal or external production capability: Open,Not provided
Japan,Production Excellence,"Is multiplicity embedded in brief requirements, and supported by Media placements?",Multiplicity embedded in briefing and content planning,Nestlé,Not fulfilled,"Status workbook: Not Applicable — We create content with ""fit for platform & fit for funnel"" in mind. However, we have not yet reached the stage of developing content from scratch with a true multiplicity-first approach. (8/6)",Multiplicity embedded in briefing and content planning,Content should be planned for re expression from the beginning,WPP,"Source dependency: Not provided · Rule-based prerequisites: Complete briefs with sufficient lead time and timely challenge: Open; Media, CRM and performance collaboration embedded in planning: Open",Not provided
Japan,Category Expertise,"Has the Media, CRM and Performance Agencies been endorsed to the Content Studio for collaboration efforts?","Media, CRM and performance collaboration embedded in planning",Nestlé,Not fulfilled,"Status workbook: On-Going — 1. Dentsu is media agency. As Nestlé manages the briefing process separately for the Creative Agency, Media Agency, and Content Studio, there have historically been challenges in ensuring seamless communication and alignment across the three parties. 2. For KitKat, this has improved significantly since Q2 2026. The Creative Agency, Media Agency, and Content Studio now regularly participate together in media briefings and proposal discussions, enabling more timely info sharing and stronger cross-functional collaboration. 3. For both Nescafé and KitKat, post-campaign reports are now shared on a regular basis. There is an opportunity to establish a more structured process for deeper discussions around the implications of campaign performance and for applying those learnings to future campaigns. This would further strengthen the connection between media planning and content development. (8/6)","Media, CRM and performance collaboration embedded in planning","Media, CRM, and data stakeholders actively feed learning into planning",Shared,Source dependency: Not provided · Rule-based prerequisites: Brand stakeholders involved in content planning: Fulfilled; Regular leadership and brand governance cadence: Fulfilled,Not provided
Japan,Category Expertise,Are the correct briefs cascaded to the Content Studio?,Correct brief routing and redirection,Nestlé,Fulfilled,"Status workbook: On-Going — 1. For KitKat, as both the brand and Content Studio responsibilities are managed by WPP Japan, there have been cases where members of the Business Group were unsure whether to approach the Brand team or Content Studio, and reached out to WPP Japan without clearly specifying the intended recipient or owner of the request (e.g., the ICON 2026 Key Visual production). 2. In such cases, we align with both the Business Group and DCD simultaneously and ask Nestlé to make the final decision on the appropriate ownership. 3. Additionally, during a recent client meeting, a question was raised regarding whether digital OOH advertising assets for Direct Retail Media should fall under the Brand scope or Content Studio scope. This is currently being clarified within Nestlé. (8/6)",None identified in scorecard,"Briefs are filtered, and redirected (if necessary), to the correct teams",Shared,Source dependency: Not provided · Rule-based prerequisites: Regular leadership and brand governance cadence: Fulfilled; Consistent shared workflow and approval process: Open,Not provided
Japan,Category Expertise,Has the Studio been endorsed to AOR and NBS?,Defined collaboration with AOR and NBS,Nestlé,Partially fulfilled,"Status workbook: On-Going — 1. For KitKat, as both the brand and Content Studio responsibilities are managed by WPP Japan, there have been cases where members of the Business Group were unsure whether to approach the Brand team or Content Studio, and reached out to WPP Japan without clearly specifying the intended recipient or owner of the request (e.g., the ICON 2026 Key Visual production). 2. In such cases, we align with both the Business Group and DCD simultaneously and ask Nestlé to make the final decision on the appropriate ownership. 3. Additionally, during a recent client meeting, a question was raised regarding whether digital OOH advertising assets for Direct Retail Media should fall under the Brand scope or Content Studio scope. This is currently being clarified within Nestlé. (8/6)",Defined collaboration with AOR and NBS,"Briefs are filtered, and redirected (if necessary), to the correct teams",Shared,Source dependency: Not provided · Rule-based prerequisites: Correct brief routing and redirection: Fulfilled; Regular leadership and brand governance cadence: Fulfilled,Not provided
Japan,Category Expertise,"Has the Studio been properly onboarded on the Brand/s (including but not limited to audience/s, product/s, brand mandatories)?","Current brand, audience and category knowledge",Nestlé,Fulfilled,"Status workbook: Done — Content Studio is run by local Japanese talents, so there shouldnt be much of a doubt on local context. Howvere when any trend, context is utilised its backed by reports or data shared accordingly. (8/6)",None identified in scorecard,Content should reflect local context and audience relevance,WPP with Nestlé market input,Source dependency: Not provided · Rule-based prerequisites: Brand stakeholders involved in content planning: Fulfilled,Not provided
Japan,Operational Excellence & Hygiene,Is there a senior WPP Studio Lead?,Senior WPP studio leadership,WPP,Fulfilled,"Status workbook: On-Going — 1. The TA team has identified three candidates. One candidate has completed all interviews, but a decision has been put on hold due to concerns about his suitability as a business leader. In the meantime, we are proceeding with interviews of the other candidates. Akira and Omata are scheduled to interview the second candidate tomorrow. 2. Additionally, the TA team, Akira, and Rahul are simultaneously reviewing the candidate criteria and categorizing requirements into “must-haves” and “nice-to-haves” to determine whether there is any room to reconsider candidates who were overlooked in the past. (8/6)",None identified in scorecard,"WPP studio lead with remit across strategy, operations, quality, and stakeholder management",WPP,Source dependency: Not provided · Rule-based prerequisites: No rule-based prerequisite mapped,Not provided
Japan,Operational Excellence & Hygiene,Is there a WPP Creative Lead?,Dedicated WPP creative leadership,WPP,Fulfilled,Not provided,None identified in scorecard,Not provided,Not provided,Source dependency: Not provided · Rule-based prerequisites: No rule-based prerequisite mapped,Not provided
Japan,Operational Excellence & Hygiene,"Is there a Creator, Community, or Adaptive Content Specialist?","Creator, community or adaptive-content specialist coverage",WPP,Not fulfilled,"Status workbook: Not Applicable — Since there is currently no need for a community manager role, it is not required for now. (7/13)","Creator, community or adaptive-content specialist coverage",Specialist roles only exist if scope requires them,Shared,Source dependency: Not provided · Rule-based prerequisites: Clear annual scope by quantity and asset type: Fulfilled,Not provided
Japan,Operational Excellence & Hygiene,Is there a WPP Production Lead?,Dedicated WPP production leadership,WPP,Fulfilled,"Status workbook: Done — 1. Two producers, Toyofumi-san (Nescafe, in-house) and Tsumoto-san (KitKat, freelance) are coordination and leading content amplification from Japan. Munakata-san is in charge of coordinating with NBS offshore studio. 2. At the beginning of August, We are considering a change in project ownership, including the possibility of assigning a different Project Manager. (8/6)",None identified in scorecard,"Strong production owner managing workflow, quality, and scaling",WPP,Source dependency: Not provided · Rule-based prerequisites: Clear annual scope by quantity and asset type: Fulfilled; Commercial documents issued to agreed timelines: Fulfilled,Not provided
Japan,Operational Excellence & Hygiene,Are KPIs aligned and cascaded and agreed on?,Aligned and cascaded KPIs,WPP,Not fulfilled,"Status workbook: On-Going — 1. We’ve shared the brief template with the client several times, but they aren’t used to it yet, so they haven’t been using it much. 2. So yesterday, we shared a simplified version of the brief template with the client and held a workshop to fill it out together (for KitKat Icon). The goal is first to get the client familiar with the briefing process using the simplified version, and then have them start using the full package by the end of the year. (8/6)",Aligned and cascaded KPIs,KPIs should be defined before work starts and tracked consistently,"Nestlé sets business priorities, WPP translates into content metrics",Source dependency: Not provided · Rule-based prerequisites: No rule-based prerequisite mapped,Not provided
Japan,Operational Excellence & Hygiene,Is the Content Studio team built to fulfill scope?,Team capability aligned to approved scope,WPP,Not fulfilled,Status workbook: On-Going — Same as above (7/13),Team capability aligned to approved scope,No capability should be expected unless it sits in scope and funding,Shared,Source dependency: Not provided · Rule-based prerequisites: Clear annual scope by quantity and asset type: Fulfilled; Commercial documents issued to agreed timelines: Fulfilled,Not provided
Japan,Operational Excellence & Hygiene,Are CEs provided based on agreed timelines from date of brief?,Commercial documents issued to agreed timelines,WPP,Fulfilled,"Status workbook: On-Going — Because RFPs are issued frequently, the team isn't able to build the experience, and they have to allocate their limited bandwidth to preparing for pitches, leaving them exhausted. (8/6)",None identified in scorecard,Timely POs and Scope Closing,Shared,Source dependency: Not provided · Rule-based prerequisites: Clear annual scope by quantity and asset type: Fulfilled,Not provided
Japan,Operational Excellence & Hygiene,"Are legal, rights, talent and versioning cascades followed?","Legal, rights, talent and versioning requirements cascaded and followed",WPP,Fulfilled,Not provided,None identified in scorecard,Not provided,Not provided,Source dependency: Not provided · Rule-based prerequisites: No rule-based prerequisite mapped,Not provided
Japan,Operational Excellence & Hygiene,Does the Studio collaborate with Brand Stakeholders in Content Planning?,Brand stakeholders involved in content planning,WPP,Fulfilled,"Status workbook: On-Going — For KitKat, we have established a foundation with the client, as we serve as the Creative Agency. For Nescafé, building stronger relationships with the Brand Managers remains a greater challenge. - Espresso-based: Muraoka, Tokiwa (Relationships aren’t very robust due to limited scope) - KOTONE Yoshinaga, Kuriyama (Won the RFP; currently building relationships) (8/6)",None identified in scorecard,"Brand stakeholders are active planning partners, not only approvers",Nestlé,Source dependency: Not provided · Rule-based prerequisites: No rule-based prerequisite mapped,Not provided
Japan,Operational Excellence & Hygiene,Are briefs challenged and additional needed information/materials requested in a timely manner?,Complete briefs with sufficient lead time and timely challenge,WPP,Not fulfilled,"Status workbook: On-Going — 1. Current briefs are information decks and that too not complete. Information gets trickled down. That said, Rahul has drafted a template for the briefing document, which will include KPIs and metrics. For a KitKat project, we conducted an exercise in which the client completed the briefing template, followed by a walkthrough with the Content Studio team to review the brief together and confirm that all the necessary information had been included. 2. Nestle to share their latest topline brief that’s for master campaigns. Once we have visibility we will fine tune the CS briefs for Large, mid and small types of campaigns. Also note since BBNW there is a plan for a unified brief template and annual planning to be rolled out. (8/6)",Complete briefs with sufficient lead time and timely challenge,Briefs should come through one route and be complete enough for strategic input,"Nestlé for brief quality, WPP for QA",Source dependency: Not provided · Rule-based prerequisites: No rule-based prerequisite mapped,Not provided
Japan,Operational Excellence & Hygiene,Does the Studio Lead meet with the Nestlé Studio Manager/Owner on a monthly and/or quarterly basis?,Regular leadership and brand governance cadence,WPP,Fulfilled,"Status workbook: On-Going — Building a governance process to probe metrics across - - Client health - Studio operations - Creative performance - Commercial performance - Team health So we can then start to look deeper into - - On-time delivery and approval cycles - Rework rate - Utilization and margin - Cost per asset or deliverable - Content velocity - Reach, completion rate, saves, shares, CTR or other objective-specific KPIs - Organic versus paid contribution - Performance by format and platform - Client satisfaction and scope growth - Team workload and attrition risk (8/6)",None identified in scorecard,"Weekly working sessions, monthly ops, and quarterly strategic reviews should be live",Shared,"Source dependency: Building a governance process to probe metrics across - - Client health - Studio operations - Creative performance - Commercial performance - Team health So we can then start to look deeper into - - On-time delivery and approval cycles - Rework rate - Utilization and margin - Cost per asset or deliverable - Content velocity - Reach, completion rate, saves, shares, CTR or other objective-specific KPIs - Organic versus paid contribution - Performance by format and platform - Client satisfaction and scope growth - Team workload and attrition risk (8/6) Japan needs a more active governance model that looks beyond status and into decisions, learning, and capability build · Rule-based prerequisites: Dedicated Nestlé studio owner or manager: Fulfilled; Senior WPP studio leadership: Fulfilled",Not provided
Japan,Operational Excellence & Hygiene,Are Brand Governance meetings in place with the Content Studio?,Regular leadership and brand governance cadence,WPP,Fulfilled,"Status workbook: On-Going — Building a governance process to probe metrics across - - Client health - Studio operations - Creative performance - Commercial performance - Team health So we can then start to look deeper into - - On-time delivery and approval cycles - Rework rate - Utilization and margin - Cost per asset or deliverable - Content velocity - Reach, completion rate, saves, shares, CTR or other objective-specific KPIs - Organic versus paid contribution - Performance by format and platform - Client satisfaction and scope growth - Team workload and attrition risk (8/6)",None identified in scorecard,"Weekly working sessions, monthly ops, and quarterly strategic reviews should be live",Shared,"Source dependency: Building a governance process to probe metrics across - - Client health - Studio operations - Creative performance - Commercial performance - Team health So we can then start to look deeper into - - On-time delivery and approval cycles - Rework rate - Utilization and margin - Cost per asset or deliverable - Content velocity - Reach, completion rate, saves, shares, CTR or other objective-specific KPIs - Organic versus paid contribution - Performance by format and platform - Client satisfaction and scope growth - Team workload and attrition risk (8/6) Japan needs a more active governance model that looks beyond status and into decisions, learning, and capability build · Rule-based prerequisites: Dedicated Nestlé studio owner or manager: Fulfilled; Senior WPP studio leadership: Fulfilled",Not provided
Japan,Operational Excellence & Hygiene,Is a shared workflow tool used consistently?,Consistent shared workflow and approval process,WPP,Not fulfilled,"Status workbook: On-Going — Rahul has compiled the decks regarding the operation process, but we haven't present them to the client yet. We plan to present them along with the Manila discussion later this month. (8/6)",Consistent shared workflow and approval process,"Workflow should be structured, disciplined, and supported by tools",Shared,Source dependency: Not provided · Rule-based prerequisites: Regular leadership and brand governance cadence: Fulfilled,Not provided
Japan,Operational Excellence & Hygiene,Does the Content Studio use BrandShare?,Consistent BrandShare adoption,WPP,Not fulfilled,Status workbook: Not Applicable — We are not using tools to track process/progress now. (8/6),Consistent BrandShare adoption,BrandShare Implemented,Shared,Source dependency: Not provided · Rule-based prerequisites: Consistent shared workflow and approval process: Open; Access to and use of the Nestlé tool stack: Open,Not provided
Japan,Strategic Thinking,Is Strategy a dedicated capability in the Content Studio inherent in campaign planning?,Dedicated content strategy capability,WPP,Fulfilled,"Status workbook: On-Going — 1. We are currently recruiting for a Social Strategy Lead, a Content Planner, and a Content Creator. Regarding the Content Creator position, the TA team, Akira, and Rahul are reviewing the candidate criteria and organizing the “must-have” and “nice-to-have” requirements to determine whether there is any room to reconsider candidates who were overlooked in the past. 2. As a temporary solution, we have assigned a freelance Social Strategist and will appoint a Content Planner and a Content Creator from our external partner, TORIHADA. We are currently working to finalize a commercial agreement and sign a contract with them, and plan to onboard them sometime between late August and September.. (8/6)",None identified in scorecard,Dedicated content strategy capability embedded in the studio,WPP,Source dependency: Not provided · Rule-based prerequisites: Clear annual scope by quantity and asset type: Fulfilled; Senior WPP studio leadership: Fulfilled,August 1 arrival
Japan,Strategic Thinking,Is there an analyst or insight function within the Content Studio?,Embedded analyst or insight capability,WPP,Fulfilled,"Status workbook: On-Going — Media analysis is done on Dentsu side, regular performance reports are done by NBS Manila. Local team has starting a trend report enabled by Talkwalker+ OPEN. We have requested clients to share data so we can build our intelligence model, but as of now they find this a heaby lift for them to share all the information. (8/6)",None identified in scorecard,Analyst or insight lead embedded into planning and optimization,WPP with Nestlé support on data access,Source dependency: Not provided · Rule-based prerequisites: Clear annual scope by quantity and asset type: Fulfilled; Access to and use of the Nestlé tool stack: Open,Not provided
Japan,Strategic Thinking,"Is there one shared dashboard to measure asset quantity, creative quality, speed and effectiveness?",Shared operational and effectiveness dashboard,WPP,Not fulfilled,Status workbook: On-Going — We are aware that each agency/team creates their own report and our gut says all this just stays isolated and there isnt one organised dashboard to look at across funnel. We do get time to time metrics when asked. (8/6),Shared operational and effectiveness dashboard,"One dashboard should track output, speed, quality, and effectiveness",Shared,Source dependency: Not provided · Rule-based prerequisites: Aligned and cascaded KPIs: Open; Embedded analyst or insight capability: Fulfilled,Not provided
Japan,Strategic Thinking,Is one clear Strategy embedded in Content Planning?,Campaign strategy embedded in content planning,WPP,Fulfilled,"Status workbook: On-Going — 1. With Kurita-san on board, the client has come to understand the need to deepen our understanding of the brand. As part of the NBA KOTONE project, they have organized immersive sessions and other activities to fill in the gaps in our understanding of the brand and product. 2. For now, we’re focusing on delivering the SoW we’ve been awarded. While the immersive sessions are beneficial, they place a burden on both the agency and the client, so we won’t proceed haphazardly; instead, we’ll move forward in stages as needed through initiatives like KOTONE and “Make Your World.” 3. Could you tell us what you’ve done in other markets? Even though we’re not the brand’s incumbent agency, aren’t there markets where you have a CS business? (8/6)",None identified in scorecard,Strategy should actively shape content planning,WPP,Source dependency: Not provided · Rule-based prerequisites: Dedicated content strategy capability: Fulfilled; Complete briefs with sufficient lead time and timely challenge: Open,Not provided
Japan,Production Excellence,Are brand learnings and campaign insights included in Strategy and Content Planning?,"Prior learnings applied to briefs, planning and optimization",WPP,Not fulfilled,"Status workbook: On-Going — 1. For KitKat, as many projects fall within the scope of CS, we receive post-campaign reports in most cases, which enables us to identify learnings and optimize future activities more effectively. 2. For Nescafé, CS does not provide amplification and adaptation support (via NBS) for every project, and there are also many projects where CS is not involved. While we do receive post-campaign reports for some campaigns, this process has not yet been fully standardized. Therefore, we would like to establish guidelines and a consistent approach going forward. (8/6)","Prior learnings applied to briefs, planning and optimization","Pre, in, and post campaign learning should exist",Shared,Source dependency: Not provided · Rule-based prerequisites: Aligned and cascaded KPIs: Open; Shared operational and effectiveness dashboard: Open; Embedded analyst or insight capability: Fulfilled,Not provided
Japan,Production Excellence,Is creative work built on and reviewed based on brand fundamendals and campaign masters?,Brand fundamentals and campaign masters embedded in creative work,WPP,Fulfilled,Status workbook: For Updating — CreativeX and others,None identified in scorecard,Creative and operational quality checks should be embedded,WPP,Source dependency: Not provided · Rule-based prerequisites: No rule-based prerequisite mapped,Not provided
Japan,Production Excellence,Does the Content Studio use Nestlé-provided licenses in asset production?,Access to and use of the Nestlé tool stack,WPP,Not fulfilled,Not provided,Access to and use of the Nestlé tool stack,Not provided,Not provided,Source dependency: Not provided · Rule-based prerequisites: No rule-based prerequisite mapped,Not provided
Japan,Production Excellence,"Do all boosted assets go through CX, with only 100% scored assets turned over?",CreativeX access and compliant use,WPP,Fulfilled,Status workbook: For Updating — CreativeX and others,None identified in scorecard,Creative and operational quality checks should be embedded,WPP,Source dependency: Not provided · Rule-based prerequisites: Access to and use of the Nestlé tool stack: Open,Not provided
Japan,Production Excellence,"Does the Studio use Talkwalker or any WPP tool to gather audience, search, social, CRM, performance or trends?",Talkwalker or equivalent audience and trend intelligence,WPP,Fulfilled,Status workbook: Done — Talkwalker & Sprinkler (8/6),None identified in scorecard,Social listening and trend inputs should support planning where relevant,Shared,Source dependency: Not provided · Rule-based prerequisites: Access to and use of the Nestlé tool stack: Open; Embedded analyst or insight capability: Fulfilled,Not provided
Japan,Production Excellence,Are final assets uploaded to ContentHub and tagged correctly on a regular basis?,"ContentHub onboarding, upload and tagging discipline",WPP,Fulfilled,Status workbook: Done — Uploading to assets to the Content Hub for 2026 Q1 is completed. (8/6),None identified in scorecard,Content Hub or equivalent should be actively used and structured,Shared,Source dependency: Not provided · Rule-based prerequisites: Consistent shared workflow and approval process: Open; Access to and use of the Nestlé tool stack: Open,2026-07-10
Japan,Production Excellence,"Are AI Tools like WPP Open used to imrpve workflow, analysis and planning; Nestlé-compliant AI tools (Firefly) are used for adaptation and craft?",Compliant AI access and practical workflow use,WPP,Fulfilled,Status workbook: On-Going — Adobe Firefly base + custom model for Kitkat (8/6),None identified in scorecard,"AI should be used where it improves speed, adaptation, or analysis",Shared,Source dependency: Not provided · Rule-based prerequisites: Access to and use of the Nestlé tool stack: Open,Not provided
Japan,Production Excellence,Does the Studio utilize Nestlé licenses for Adobe Creative Cloud?,Adobe Creative Cloud access and production use,WPP,Not fulfilled,Status workbook: Done — Adaptation is mostly Nescafe heavy done by NBS Manila managed by our Offshore PM in JP. (8/6),Adobe Creative Cloud access and production use,Localization technology is already one of Japan’s stronger areas,WPP,Source dependency: Not provided · Rule-based prerequisites: Access to and use of the Nestlé tool stack: Open; Dedicated internal or external production capability: Open,Not provided
Japan,Production Excellence,Is content planned for multiplicity?,Multiplicity embedded in briefing and content planning,WPP,Not fulfilled,"Status workbook: Not Applicable — We create content with ""fit for platform & fit for funnel"" in mind. However, we have not yet reached the stage of developing content from scratch with a true multiplicity-first approach. (8/6)",Multiplicity embedded in briefing and content planning,Content should be planned for re expression from the beginning,WPP,"Source dependency: Not provided · Rule-based prerequisites: Complete briefs with sufficient lead time and timely challenge: Open; Media, CRM and performance collaboration embedded in planning: Open",Not provided
Japan,Category Expertise,"Are media, CRM and performance insights embeded into content planning, timelines and content optimization?","Media, CRM and performance collaboration embedded in planning",WPP,Not fulfilled,"Status workbook: On-Going — 1. Dentsu is media agency. As Nestlé manages the briefing process separately for the Creative Agency, Media Agency, and Content Studio, there have historically been challenges in ensuring seamless communication and alignment across the three parties. 2. For KitKat, this has improved significantly since Q2 2026. The Creative Agency, Media Agency, and Content Studio now regularly participate together in media briefings and proposal discussions, enabling more timely info sharing and stronger cross-functional collaboration. 3. For both Nescafé and KitKat, post-campaign reports are now shared on a regular basis. There is an opportunity to establish a more structured process for deeper discussions around the implications of campaign performance and for applying those learnings to future campaigns. This would further strengthen the connection between media planning and content development. (8/6)","Media, CRM and performance collaboration embedded in planning","Media, CRM, and data stakeholders actively feed learning into planning",Shared,Source dependency: Not provided · Rule-based prerequisites: Brand stakeholders involved in content planning: Fulfilled; Regular leadership and brand governance cadence: Fulfilled,Not provided
Japan,Category Expertise,Are incorrect briefs redirected to NBS or other content partners?,Correct brief routing and redirection,WPP,Fulfilled,"Status workbook: On-Going — 1. For KitKat, as both the brand and Content Studio responsibilities are managed by WPP Japan, there have been cases where members of the Business Group were unsure whether to approach the Brand team or Content Studio, and reached out to WPP Japan without clearly specifying the intended recipient or owner of the request (e.g., the ICON 2026 Key Visual production). 2. In such cases, we align with both the Business Group and DCD simultaneously and ask Nestlé to make the final decision on the appropriate ownership. 3. Additionally, during a recent client meeting, a question was raised regarding whether digital OOH advertising assets for Direct Retail Media should fall under the Brand scope or Content Studio scope. This is currently being clarified within Nestlé. (8/6)",None identified in scorecard,"Briefs are filtered, and redirected (if necessary), to the correct teams",Shared,Source dependency: Not provided · Rule-based prerequisites: Regular leadership and brand governance cadence: Fulfilled; Consistent shared workflow and approval process: Open,Not provided
Japan,Category Expertise,Does the Studio work with NBS?,Defined collaboration with AOR and NBS,WPP,Fulfilled,"Status workbook: On-Going — 1. For KitKat, as both the brand and Content Studio responsibilities are managed by WPP Japan, there have been cases where members of the Business Group were unsure whether to approach the Brand team or Content Studio, and reached out to WPP Japan without clearly specifying the intended recipient or owner of the request (e.g., the ICON 2026 Key Visual production). 2. In such cases, we align with both the Business Group and DCD simultaneously and ask Nestlé to make the final decision on the appropriate ownership. 3. Additionally, during a recent client meeting, a question was raised regarding whether digital OOH advertising assets for Direct Retail Media should fall under the Brand scope or Content Studio scope. This is currently being clarified within Nestlé. (8/6)",None identified in scorecard,"Briefs are filtered, and redirected (if necessary), to the correct teams",Shared,Source dependency: Not provided · Rule-based prerequisites: Correct brief routing and redirection: Fulfilled; Regular leadership and brand governance cadence: Fulfilled,Not provided
Japan,Category Expertise,Does the Studio work with AOR?,Defined collaboration with AOR and NBS,WPP,Not fulfilled,"Status workbook: On-Going — 1. For KitKat, as both the brand and Content Studio responsibilities are managed by WPP Japan, there have been cases where members of the Business Group were unsure whether to approach the Brand team or Content Studio, and reached out to WPP Japan without clearly specifying the intended recipient or owner of the request (e.g., the ICON 2026 Key Visual production). 2. In such cases, we align with both the Business Group and DCD simultaneously and ask Nestlé to make the final decision on the appropriate ownership. 3. Additionally, during a recent client meeting, a question was raised regarding whether digital OOH advertising assets for Direct Retail Media should fall under the Brand scope or Content Studio scope. This is currently being clarified within Nestlé. (8/6)",Defined collaboration with AOR and NBS,"Briefs are filtered, and redirected (if necessary), to the correct teams",Shared,Source dependency: Not provided · Rule-based prerequisites: Correct brief routing and redirection: Fulfilled; Regular leadership and brand governance cadence: Fulfilled,Not provided
Japan,Category Expertise,Is brand knowledge updated based on industry and brand movements?,"Current brand, audience and category knowledge",WPP,Fulfilled,"Status workbook: Done — Content Studio is run by local Japanese talents, so there shouldnt be much of a doubt on local context. Howvere when any trend, context is utilised its backed by reports or data shared accordingly. (8/6)",None identified in scorecard,Content should reflect local context and audience relevance,WPP with Nestlé market input,Source dependency: Not provided · Rule-based prerequisites: Brand stakeholders involved in content planning: Fulfilled,Not provided
Japan,Category Expertise,Does the studio have a dedicated external or inhouse production or capability?,Dedicated internal or external production capability,WPP,Not fulfilled,Status workbook: On-Going — Same as line 25 (8/6),Dedicated internal or external production capability,Production should be governed intentionally with clear QC and ownership,WPP,Source dependency: Not provided · Rule-based prerequisites: Clear annual scope by quantity and asset type: Fulfilled; Commercial documents issued to agreed timelines: Fulfilled; Dedicated WPP production leadership: Fulfilled,Not provided
Japan,Category Expertise,Does the Studio utilize brand audience and segmentation in Content Planning?,Audience and segmentation applied to content planning,WPP,Fulfilled,Status workbook: On-Going — Activated manually (not via OPEN) (8/6),None identified in scorecard,Audience and segmentation should shape planning and optimization,Shared,Source dependency: Not provided · Rule-based prerequisites: Dedicated content strategy capability: Fulfilled; Embedded analyst or insight capability: Fulfilled,Not provided
Japan,Category Expertise,Does the Studio utilize community and social signals used in Content Planning?,Community and social signals applied to content planning,WPP,Fulfilled,Status workbook: Done — Team has kickstarted a recurring Trend Report now. (8/6),None identified in scorecard,Community and social signals should inform content planning where relevant,Shared,Source dependency: Not provided · Rule-based prerequisites: Embedded analyst or insight capability: Fulfilled; Talkwalker or equivalent audience and trend intelligence: Open,Not provided
MENA,Operational Excellence & Hygiene,Is there a dedicated Nestlé Studio Owner/Manager?,Dedicated Nestlé studio owner or manager,Nestlé,Fulfilled,Status workbook: Done — Yousra El Meheiry is our day to day Studio owner,None identified in scorecard,Dedicated Nestlé studio owner with clear authority across brands and operations,Nestlé,Source dependency: Not provided · Rule-based prerequisites: No rule-based prerequisite mapped,Not provided
MENA,Operational Excellence & Hygiene,Is there a Senior Nestlé Sponsor?,Active senior Nestlé sponsorship,Nestlé,Fulfilled,"Status workbook: On-Going — Luca; however, needs more firm understanding and support of Content Studios. For meeting/discussion/onboarding supported/pushed by Global",None identified in scorecard,Senior Nestlé sponsor actively backing the model,Nestlé,Source dependency: Not provided · Rule-based prerequisites: No rule-based prerequisite mapped,Not provided
MENA,Operational Excellence & Hygiene,Are KPIs aligned and cascaded and agreed on?,Aligned and cascaded KPIs,Nestlé,Fulfilled,This is an area where we would like to see actual examples in order to assess needed actions and stakeholders,None identified in scorecard,KPIs should be agreed upfront and linked to business or content outcomes,"Nestlé sets business priorities, WPP translates into content measures",Source dependency: Not provided · Rule-based prerequisites: No rule-based prerequisite mapped,Not provided
MENA,Operational Excellence & Hygiene,"Is scope provided on an annual basis (qty, asset type)?",Clear annual scope by quantity and asset type,Nestlé,Not fulfilled,aligned on the diagnosis,Clear annual scope by quantity and asset type,Scope should explicitly support the capabilities expected from the studio,"Shared, Nestlé signs off","Source dependency: If MENA is expected to deliver culture, performance, production, and optimization, those need to be explicitly in scope and funded · Rule-based prerequisites: No rule-based prerequisite mapped",Not provided
MENA,Operational Excellence & Hygiene,Are POs are issued based on agreed timelines?,Commercial documents issued to agreed timelines,Nestlé,Not fulfilled,"many delays are happening on this front. However, the biggest blocker is locking the scope ahead of time, which is preventing proper mobilization, burning the team with unplanned projects coming at the same time, that needs to be delivered, to protect the planned budget that Nestlé is not honouring based on the locked earlier model & contract",Commercial documents issued to agreed timelines,Timely POs and Scope Closing,Shared,"Source dependency: However, the biggest blocker is locking the scope ahead of time, which is preventing proper mobilization, burning the team with unplanned projects coming at the same time, that needs to be delivered, to protect the planned budget that Nestlé is not honouring based on the locked earlier model & contract Scope agreements should be completed and signed off by both parties before work is begun · Rule-based prerequisites: Clear annual scope by quantity and asset type: Open",Not provided
MENA,Operational Excellence & Hygiene,Are asset and talent usage rights cascaded to the Content Studio?,"Legal, rights, talent and versioning requirements cascaded and followed",Nestlé,Fulfilled,Not provided,None identified in scorecard,Not provided,Not provided,Source dependency: Not provided · Rule-based prerequisites: No rule-based prerequisite mapped,Not provided
MENA,Operational Excellence & Hygiene,Are Brand Stakeholders involved in Content Planning?,Brand stakeholders involved in content planning,Nestlé,Fulfilled,"This section needs to be clearly addressed through a call, to better give our input, as major mishaps mentioned here, come from the Client side specicfically the lack of planning and lack clarity on the overall budget, making the studio work in constant adaptation mode (Planning & re-planning based on budgets, deadlines,. lack of preplanning, last-minute briefing)",None identified in scorecard,Clear brand contacts per scope with planning accountability,Nestlé,"Source dependency: lack of preplanning, last-minute briefing) Need to make sure brand contacts are not only approval points, but active planning partners · Rule-based prerequisites: No rule-based prerequisite mapped",Not provided
MENA,Operational Excellence & Hygiene,"Do briefs provide enough lead time to ideate and produce, and are complete (key message, asset bank, target audience)?",Complete briefs with sufficient lead time and timely challenge,Nestlé,Not fulfilled,"Workflow and approvals are still weak, which suggests intake discipline needs improvement",Complete briefs with sufficient lead time and timely challenge,"Briefs should be complete, routed through one path, and quality checked","Nestlé for brief quality, WPP for QA",Source dependency: Not provided · Rule-based prerequisites: No rule-based prerequisite mapped,Not provided
MENA,Operational Excellence & Hygiene,Does the Nestlé Studio Manager/Owner meet with the Studio Lead on a monthly and/or quarterly basis?,Regular leadership and brand governance cadence,Nestlé,Not fulfilled,"Governance likely exists, but needs to become more decision oriented and tied to scope, commercials, and capability build",Regular leadership and brand governance cadence,"Weekly or biweekly working sessions, monthly ops, quarterly strategic reviews",Shared,Source dependency: Not provided · Rule-based prerequisites: Dedicated Nestlé studio owner or manager: Fulfilled; Senior WPP studio leadership: Fulfilled,Not provided
MENA,Operational Excellence & Hygiene,Are Brand Governance meetings in place with the Content Studio?,Regular leadership and brand governance cadence,Nestlé,Fulfilled,"Governance likely exists, but needs to become more decision oriented and tied to scope, commercials, and capability build",None identified in scorecard,"Weekly or biweekly working sessions, monthly ops, quarterly strategic reviews",Shared,Source dependency: Not provided · Rule-based prerequisites: Dedicated Nestlé studio owner or manager: Fulfilled; Senior WPP studio leadership: Fulfilled,Not provided
MENA,Operational Excellence & Hygiene,Is a shared workflow tool used consistently?,Consistent shared workflow and approval process,Nestlé,Not fulfilled,This is still underdeveloped and a key operational weakness,Consistent shared workflow and approval process,"Clear approvals route and operating flow between Nestlé, WPP, and scale partners",Shared,Source dependency: Not provided · Rule-based prerequisites: Regular leadership and brand governance cadence: Open,Not provided
MENA,Operational Excellence & Hygiene,Does the Nestlé utilize BrandShare?,Consistent BrandShare adoption,Nestlé,Not fulfilled,"need to have more clarity here - client is not aware of the tool - Also, we need more visibility on the investment needed",Consistent BrandShare adoption,BrandShare should be implemented and used consistently as source of truth,Shared,Source dependency: Not provided · Rule-based prerequisites: Consistent shared workflow and approval process: Open; Access to and use of the Nestlé tool stack: Open,Not provided
MENA,Strategic Thinking,Are fire briefs cascaded to the Content Studio?,Complete briefs with sufficient lead time and timely challenge,Nestlé,Fulfilled,"Workflow and approvals are still weak, which suggests intake discipline needs improvement",None identified in scorecard,"Briefs should be complete, routed through one path, and quality checked","Nestlé for brief quality, WPP for QA",Source dependency: Not provided · Rule-based prerequisites: No rule-based prerequisite mapped,Not provided
MENA,Strategic Thinking,"Is there one shared dashboard to measure asset quantity, creative quality, speed and effectiveness?",Shared operational and effectiveness dashboard,Nestlé,Not fulfilled,need to have more clarity here - as mentioned above,Shared operational and effectiveness dashboard,One agreed dashboard for operational and performance review,Shared,Source dependency: Not provided · Rule-based prerequisites: Aligned and cascaded KPIs: Fulfilled; Embedded analyst or insight capability: Fulfilled,Not provided
MENA,Strategic Thinking,"Are Campaign Strategies cascaded to the Studio, or is the Studio given the opportunity to Strategize content planning?",Campaign strategy embedded in content planning,Nestlé,Fulfilled,"Status workbook: On-Going — Existing, most briefs already include a strategic-level request",None identified in scorecard,Dedicated content strategy capability embedded in the studio,WPP,Source dependency: Not provided · Rule-based prerequisites: Dedicated content strategy capability: Fulfilled; Complete briefs with sufficient lead time and timely challenge: Open,Not provided
MENA,Production Excellence,Are previous learnings and insights shared during briefs?,"Prior learnings applied to briefs, planning and optimization",Nestlé,Fulfilled,MENA needs stronger use of measurement and audience input to close the loop,None identified in scorecard,"Pre, in, and post campaign learning cycle should exist",Shared,Source dependency: Not provided · Rule-based prerequisites: Aligned and cascaded KPIs: Fulfilled; Shared operational and effectiveness dashboard: Open; Embedded analyst or insight capability: Fulfilled,Not provided
MENA,Production Excellence,Are brand creative mandatories and campaign masters cascaded to the Content Studio?,Brand fundamentals and campaign masters embedded in creative work,Nestlé,Fulfilled,Needs stronger embedded quality governance if MENA is to mature further,None identified in scorecard,Creative quality and operational quality should be monitored with clear checks,WPP,Source dependency: Not provided · Rule-based prerequisites: No rule-based prerequisite mapped,Not provided
MENA,Production Excellence,Has the Studio been provided access to the Nestlé toolstack?,Access to and use of the Nestlé tool stack,Nestlé,Not fulfilled,Not provided,Access to and use of the Nestlé tool stack,Not provided,Not provided,Source dependency: Not provided · Rule-based prerequisites: No rule-based prerequisite mapped,Not provided
MENA,Production Excellence,Does the Studio have access to CreativeX across all serviced brands?,CreativeX access and compliant use,Nestlé,Fulfilled,Needs stronger embedded quality governance if MENA is to mature further,None identified in scorecard,Creative quality and operational quality should be monitored with clear checks,WPP,Source dependency: Not provided · Rule-based prerequisites: Access to and use of the Nestlé tool stack: Open,Not provided
MENA,Production Excellence,Has the Studio been provided access to TalkWalker?,Talkwalker or equivalent audience and trend intelligence,Nestlé,Not fulfilled,this is driven by the scopes nature- we barely have always on scopes.,Talkwalker or equivalent audience and trend intelligence,Trend inputs should be accessible and converted into content action,Shared,Source dependency: Not provided · Rule-based prerequisites: Access to and use of the Nestlé tool stack: Open; Embedded analyst or insight capability: Fulfilled,Not provided
MENA,Production Excellence,"Has the Studio been onboarded on ContentHub, and are upload approvals done in a timely manner?","ContentHub onboarding, upload and tagging discipline",Nestlé,Fulfilled,this is taking place,None identified in scorecard,Content Hub or equivalent should be actively used,Shared,Source dependency: Not provided · Rule-based prerequisites: Consistent shared workflow and approval process: Open; Access to and use of the Nestlé tool stack: Open,Not provided
MENA,Production Excellence,"Has the Studio been provided access to Nestlé AI tools (Firefly, Getty)?",Compliant AI access and practical workflow use,Nestlé,Fulfilled,Status workbook: On-Going — can you please clarify this point?,None identified in scorecard,AI should be applied in practical and scalable ways,Shared,Source dependency: Not provided · Rule-based prerequisites: Access to and use of the Nestlé tool stack: Open,Not provided
MENA,Production Excellence,Have the Studio creatives been provided Nestlé licenses for Adobe Creative Cloud?,Adobe Creative Cloud access and production use,Nestlé,Not fulfilled,what is the optimal tool stack?,Adobe Creative Cloud access and production use,Localization technology should support efficient adaptation and production,WPP,Source dependency: Not provided · Rule-based prerequisites: Access to and use of the Nestlé tool stack: Open; Dedicated internal or external production capability: Fulfilled,Not provided
MENA,Production Excellence,"Is multiplicity embedded in brief requirements, and supported by Media placements?",Multiplicity embedded in briefing and content planning,Nestlé,Fulfilled,what are the parameters being measured?,None identified in scorecard,Content should be designed for re expression from the start,WPP,"Source dependency: Not provided · Rule-based prerequisites: Complete briefs with sufficient lead time and timely challenge: Open; Media, CRM and performance collaboration embedded in planning: Open",Not provided
MENA,Category Expertise,"Has the Media, CRM and Performance Agencies been endorsed to the Content Studio for collaboration efforts?","Media, CRM and performance collaboration embedded in planning",Nestlé,Not fulfilled,This is an area where we would like to see actual examples in order to assess needed actions and stakeholders,"Media, CRM and performance collaboration embedded in planning",Clear media and performance partners feeding learning into content,Shared,Source dependency: Not provided · Rule-based prerequisites: Brand stakeholders involved in content planning: Fulfilled; Regular leadership and brand governance cadence: Open,Not provided
MENA,Category Expertise,Are the correct briefs cascaded to the Content Studio?,Correct brief routing and redirection,Nestlé,Fulfilled,Not provided,None identified in scorecard,Not provided,Not provided,Source dependency: Not provided · Rule-based prerequisites: Regular leadership and brand governance cadence: Open; Consistent shared workflow and approval process: Open,Not provided
MENA,Category Expertise,Has the Studio been endorsed to AOR and NBS?,Defined collaboration with AOR and NBS,Nestlé,Fulfilled,Needs clearer integration if production is split across teams or markets,None identified in scorecard,"Clear role between studio, production teams, and any offshore or scale support",Shared,Source dependency: Not provided · Rule-based prerequisites: Correct brief routing and redirection: Fulfilled; Regular leadership and brand governance cadence: Open,Not provided
MENA,Category Expertise,"Has the Studio been properly onboarded on the Brand/s (including but not limited to audience/s, product/s, brand mandatories)?","Current brand, audience and category knowledge",Nestlé,Fulfilled,Not provided,None identified in scorecard,Not provided,Not provided,Source dependency: Not provided · Rule-based prerequisites: Brand stakeholders involved in content planning: Fulfilled,Not provided
MENA,Operational Excellence & Hygiene,Is there a senior WPP Studio Lead?,Senior WPP studio leadership,WPP,Fulfilled,Status workbook: Done — Mariella (Client Relationship; senior sponsorship) and Iman (Studio Lead),None identified in scorecard,"WPP studio lead with enough seniority to drive strategy, workflow, capability building, and stakeholder management",WPP,Source dependency: Not provided · Rule-based prerequisites: No rule-based prerequisite mapped,Not provided
MENA,Operational Excellence & Hygiene,Is there a WPP Creative Lead?,Dedicated WPP creative leadership,WPP,Fulfilled,Not provided,None identified in scorecard,Not provided,Not provided,Source dependency: Not provided · Rule-based prerequisites: No rule-based prerequisite mapped,Not provided
MENA,Operational Excellence & Hygiene,"Is there a Creator, Community, or Adaptive Content Specialist?","Creator, community or adaptive-content specialist coverage",WPP,Not fulfilled,Not provided,"Creator, community or adaptive-content specialist coverage",Not provided,Not provided,Source dependency: Not provided · Rule-based prerequisites: Clear annual scope by quantity and asset type: Open,Not provided
MENA,Operational Excellence & Hygiene,Is there a WPP Production Lead?,Dedicated WPP production leadership,WPP,Fulfilled,"Status workbook: On-Going — This effort is ongoing, but it is subject to scope evolution and proper visibility on jobs that require production",None identified in scorecard,"Strong production owner managing workflows, quality, and external partner integration",WPP,"Source dependency: This effort is ongoing, but it is subject to scope evolution and proper visibility on jobs that require production Production capability is present, but needs to be systemized more clearly if MENA is to scale with consistency · Rule-based prerequisites: Clear annual scope by quantity and asset type: Open; Commercial documents issued to agreed timelines: Open",Not provided
MENA,Operational Excellence & Hygiene,Are KPIs aligned and cascaded and agreed on?,Aligned and cascaded KPIs,WPP,Fulfilled,This is an area where we would like to see actual examples in order to assess needed actions and stakeholders,None identified in scorecard,KPIs should be agreed upfront and linked to business or content outcomes,"Nestlé sets business priorities, WPP translates into content measures",Source dependency: Not provided · Rule-based prerequisites: No rule-based prerequisite mapped,Not provided
MENA,Operational Excellence & Hygiene,Is the Content Studio team built to fulfill scope?,Team capability aligned to approved scope,WPP,Fulfilled,aligned on the diagnosis,None identified in scorecard,No capability should be expected unless it is actually scoped,Shared,Source dependency: Not provided · Rule-based prerequisites: Clear annual scope by quantity and asset type: Open; Commercial documents issued to agreed timelines: Open,Not provided
MENA,Operational Excellence & Hygiene,Are CEs provided based on agreed timelines from date of brief?,Commercial documents issued to agreed timelines,WPP,Fulfilled,"many delays are happening on this front. However, the biggest blocker is locking the scope ahead of time, which is preventing proper mobilization, burning the team with unplanned projects coming at the same time, that needs to be delivered, to protect the planned budget that Nestlé is not honouring based on the locked earlier model & contract",None identified in scorecard,Timely POs and Scope Closing,Shared,"Source dependency: However, the biggest blocker is locking the scope ahead of time, which is preventing proper mobilization, burning the team with unplanned projects coming at the same time, that needs to be delivered, to protect the planned budget that Nestlé is not honouring based on the locked earlier model & contract Scope agreements should be completed and signed off by both parties before work is begun · Rule-based prerequisites: Clear annual scope by quantity and asset type: Open",Not provided
MENA,Operational Excellence & Hygiene,"Are legal, rights, talent and versioning cascades followed?","Legal, rights, talent and versioning requirements cascaded and followed",WPP,Fulfilled,Not provided,None identified in scorecard,Not provided,Not provided,Source dependency: Not provided · Rule-based prerequisites: No rule-based prerequisite mapped,Not provided
MENA,Operational Excellence & Hygiene,Does the Studio collaborate with Brand Stakeholders in Content Planning?,Brand stakeholders involved in content planning,WPP,Fulfilled,"This section needs to be clearly addressed through a call, to better give our input, as major mishaps mentioned here, come from the Client side specicfically the lack of planning and lack clarity on the overall budget, making the studio work in constant adaptation mode (Planning & re-planning based on budgets, deadlines,. lack of preplanning, last-minute briefing)",None identified in scorecard,Clear brand contacts per scope with planning accountability,Nestlé,"Source dependency: lack of preplanning, last-minute briefing) Need to make sure brand contacts are not only approval points, but active planning partners · Rule-based prerequisites: No rule-based prerequisite mapped",Not provided
MENA,Operational Excellence & Hygiene,Are briefs challenged and additional needed information/materials requested in a timely manner?,Complete briefs with sufficient lead time and timely challenge,WPP,Fulfilled,"Workflow and approvals are still weak, which suggests intake discipline needs improvement",None identified in scorecard,"Briefs should be complete, routed through one path, and quality checked","Nestlé for brief quality, WPP for QA",Source dependency: Not provided · Rule-based prerequisites: No rule-based prerequisite mapped,Not provided
MENA,Operational Excellence & Hygiene,Does the Studio Lead meet with the Nestlé Studio Manager/Owner on a monthly and/or quarterly basis?,Regular leadership and brand governance cadence,WPP,Not fulfilled,"Governance likely exists, but needs to become more decision oriented and tied to scope, commercials, and capability build",Regular leadership and brand governance cadence,"Weekly or biweekly working sessions, monthly ops, quarterly strategic reviews",Shared,Source dependency: Not provided · Rule-based prerequisites: Dedicated Nestlé studio owner or manager: Fulfilled; Senior WPP studio leadership: Fulfilled,Not provided
MENA,Operational Excellence & Hygiene,Are Brand Governance meetings in place with the Content Studio?,Regular leadership and brand governance cadence,WPP,Fulfilled,"Governance likely exists, but needs to become more decision oriented and tied to scope, commercials, and capability build",None identified in scorecard,"Weekly or biweekly working sessions, monthly ops, quarterly strategic reviews",Shared,Source dependency: Not provided · Rule-based prerequisites: Dedicated Nestlé studio owner or manager: Fulfilled; Senior WPP studio leadership: Fulfilled,Not provided
MENA,Operational Excellence & Hygiene,Is a shared workflow tool used consistently?,Consistent shared workflow and approval process,WPP,Not fulfilled,This is still underdeveloped and a key operational weakness,Consistent shared workflow and approval process,"Clear approvals route and operating flow between Nestlé, WPP, and scale partners",Shared,Source dependency: Not provided · Rule-based prerequisites: Regular leadership and brand governance cadence: Open,Not provided
MENA,Operational Excellence & Hygiene,Does the Content Studio use BrandShare?,Consistent BrandShare adoption,WPP,Not fulfilled,"need to have more clarity here - client is not aware of the tool - Also, we need more visibility on the investment needed",Consistent BrandShare adoption,BrandShare should be implemented and used consistently as source of truth,Shared,Source dependency: Not provided · Rule-based prerequisites: Consistent shared workflow and approval process: Open; Access to and use of the Nestlé tool stack: Open,Not provided
MENA,Strategic Thinking,Is Strategy a dedicated capability in the Content Studio inherent in campaign planning?,Dedicated content strategy capability,WPP,Fulfilled,"Status workbook: On-Going — Existing, most briefs already include a strategic-level request",None identified in scorecard,Dedicated content strategy capability embedded in the studio,WPP,Source dependency: Not provided · Rule-based prerequisites: Clear annual scope by quantity and asset type: Open; Senior WPP studio leadership: Fulfilled,Not provided
MENA,Strategic Thinking,Is there an analyst or insight function within the Content Studio?,Embedded analyst or insight capability,WPP,Fulfilled,"Status workbook: On-Going — Existing, most briefs already include a strategic-level request",None identified in scorecard,f,WPP with Nestlé data support,Source dependency: Not provided · Rule-based prerequisites: Clear annual scope by quantity and asset type: Open; Access to and use of the Nestlé tool stack: Open,Not provided
MENA,Strategic Thinking,"Is there one shared dashboard to measure asset quantity, creative quality, speed and effectiveness?",Shared operational and effectiveness dashboard,WPP,Not fulfilled,need to have more clarity here - as mentioned above,Shared operational and effectiveness dashboard,One agreed dashboard for operational and performance review,Shared,Source dependency: Not provided · Rule-based prerequisites: Aligned and cascaded KPIs: Fulfilled; Embedded analyst or insight capability: Fulfilled,Not provided
MENA,Strategic Thinking,Is one clear Strategy embedded in Content Planning?,Campaign strategy embedded in content planning,WPP,Fulfilled,"Status workbook: On-Going — Existing, most briefs already include a strategic-level request",None identified in scorecard,Dedicated content strategy capability embedded in the studio,WPP,Source dependency: Not provided · Rule-based prerequisites: Dedicated content strategy capability: Fulfilled; Complete briefs with sufficient lead time and timely challenge: Open,Not provided
MENA,Production Excellence,Are brand learnings and campaign insights included in Strategy and Content Planning?,"Prior learnings applied to briefs, planning and optimization",WPP,Fulfilled,MENA needs stronger use of measurement and audience input to close the loop,None identified in scorecard,"Pre, in, and post campaign learning cycle should exist",Shared,Source dependency: Not provided · Rule-based prerequisites: Aligned and cascaded KPIs: Fulfilled; Shared operational and effectiveness dashboard: Open; Embedded analyst or insight capability: Fulfilled,Not provided
MENA,Production Excellence,Is creative work built on and reviewed based on brand fundamendals and campaign masters?,Brand fundamentals and campaign masters embedded in creative work,WPP,Fulfilled,Needs stronger embedded quality governance if MENA is to mature further,None identified in scorecard,Creative quality and operational quality should be monitored with clear checks,WPP,Source dependency: Not provided · Rule-based prerequisites: No rule-based prerequisite mapped,Not provided
MENA,Production Excellence,Does the Content Studio use Nestlé-provided licenses in asset production?,Access to and use of the Nestlé tool stack,WPP,Not fulfilled,Not provided,Access to and use of the Nestlé tool stack,Not provided,Not provided,Source dependency: Not provided · Rule-based prerequisites: No rule-based prerequisite mapped,Not provided
MENA,Production Excellence,"Do all boosted assets go through CX, with only 100% scored assets turned over?",CreativeX access and compliant use,WPP,Fulfilled,Needs stronger embedded quality governance if MENA is to mature further,None identified in scorecard,Creative quality and operational quality should be monitored with clear checks,WPP,Source dependency: Not provided · Rule-based prerequisites: Access to and use of the Nestlé tool stack: Open,Not provided
MENA,Production Excellence,"Does the Studio use Talkwalker or any WPP tool to gather audience, search, social, CRM, performance or trends?",Talkwalker or equivalent audience and trend intelligence,WPP,Not fulfilled,this is driven by the scopes nature- we barely have always on scopes.,Talkwalker or equivalent audience and trend intelligence,Trend inputs should be accessible and converted into content action,Shared,Source dependency: Not provided · Rule-based prerequisites: Access to and use of the Nestlé tool stack: Open; Embedded analyst or insight capability: Fulfilled,Not provided
MENA,Production Excellence,Are final assets uploaded to ContentHub and tagged correctly on a regular basis?,"ContentHub onboarding, upload and tagging discipline",WPP,Fulfilled,this is taking place,None identified in scorecard,Content Hub or equivalent should be actively used,Shared,Source dependency: Not provided · Rule-based prerequisites: Consistent shared workflow and approval process: Open; Access to and use of the Nestlé tool stack: Open,Not provided
MENA,Production Excellence,"Are AI Tools like WPP Open used to imrpve workflow, analysis and planning; Nestlé-compliant AI tools (Firefly) are used for adaptation and craft?",Compliant AI access and practical workflow use,WPP,Fulfilled,Status workbook: On-Going — can you please clarify this point?,None identified in scorecard,AI should be applied in practical and scalable ways,Shared,Source dependency: Not provided · Rule-based prerequisites: Access to and use of the Nestlé tool stack: Open,Not provided
MENA,Production Excellence,Does the Studio utilize Nestlé licenses for Adobe Creative Cloud?,Adobe Creative Cloud access and production use,WPP,Not fulfilled,what is the optimal tool stack?,Adobe Creative Cloud access and production use,Localization technology should support efficient adaptation and production,WPP,Source dependency: Not provided · Rule-based prerequisites: Access to and use of the Nestlé tool stack: Open; Dedicated internal or external production capability: Fulfilled,Not provided
MENA,Production Excellence,Is content planned for multiplicity?,Multiplicity embedded in briefing and content planning,WPP,Fulfilled,what are the parameters being measured?,None identified in scorecard,Content should be designed for re expression from the start,WPP,"Source dependency: Not provided · Rule-based prerequisites: Complete briefs with sufficient lead time and timely challenge: Open; Media, CRM and performance collaboration embedded in planning: Open",Not provided
MENA,Category Expertise,"Are media, CRM and performance insights embeded into content planning, timelines and content optimization?","Media, CRM and performance collaboration embedded in planning",WPP,Not fulfilled,This is an area where we would like to see actual examples in order to assess needed actions and stakeholders,"Media, CRM and performance collaboration embedded in planning",Clear media and performance partners feeding learning into content,Shared,Source dependency: Not provided · Rule-based prerequisites: Brand stakeholders involved in content planning: Fulfilled; Regular leadership and brand governance cadence: Open,Not provided
MENA,Category Expertise,Are incorrect briefs redirected to NBS or other content partners?,Correct brief routing and redirection,WPP,Fulfilled,Not provided,None identified in scorecard,Not provided,Not provided,Source dependency: Not provided · Rule-based prerequisites: Regular leadership and brand governance cadence: Open; Consistent shared workflow and approval process: Open,Not provided
MENA,Category Expertise,Does the Studio work with NBS?,Defined collaboration with AOR and NBS,WPP,Fulfilled,Needs clearer integration if production is split across teams or markets,None identified in scorecard,"Clear role between studio, production teams, and any offshore or scale support",Shared,Source dependency: Not provided · Rule-based prerequisites: Correct brief routing and redirection: Fulfilled; Regular leadership and brand governance cadence: Open,Not provided
MENA,Category Expertise,Does the Studio work with AOR?,Defined collaboration with AOR and NBS,WPP,Fulfilled,Needs clearer integration if production is split across teams or markets,None identified in scorecard,"Clear role between studio, production teams, and any offshore or scale support",Shared,Source dependency: Not provided · Rule-based prerequisites: Correct brief routing and redirection: Fulfilled; Regular leadership and brand governance cadence: Open,Not provided
MENA,Category Expertise,Is brand knowledge updated based on industry and brand movements?,"Current brand, audience and category knowledge",WPP,Fulfilled,Not provided,None identified in scorecard,Not provided,Not provided,Source dependency: Not provided · Rule-based prerequisites: Brand stakeholders involved in content planning: Fulfilled,Not provided
MENA,Category Expertise,Does the studio have a dedicated external or inhouse production or capability?,Dedicated internal or external production capability,WPP,Fulfilled,"MENA can likely produce, but RED requires an explicit workflow model, not just output execution",None identified in scorecard,Production operating model should be intentional and scalable,WPP,Source dependency: Not provided · Rule-based prerequisites: Clear annual scope by quantity and asset type: Open; Commercial documents issued to agreed timelines: Open; Dedicated WPP production leadership: Fulfilled,Not provided
MENA,Category Expertise,Does the Studio utilize brand audience and segmentation in Content Planning?,Audience and segmentation applied to content planning,WPP,Fulfilled,Status workbook: On-Going — what tools are available for that?,None identified in scorecard,Audience intelligence should shape planning and optimization,Shared,Source dependency: Not provided · Rule-based prerequisites: Dedicated content strategy capability: Fulfilled; Embedded analyst or insight capability: Fulfilled,Not provided
MENA,Category Expertise,Does the Studio utilize community and social signals used in Content Planning?,Community and social signals applied to content planning,WPP,Fulfilled,Not provided,None identified in scorecard,Not provided,Not provided,Source dependency: Not provided · Rule-based prerequisites: Embedded analyst or insight capability: Fulfilled; Talkwalker or equivalent audience and trend intelligence: Open,Not provided
India,Operational Excellence & Hygiene,Is there a dedicated Nestlé Studio Owner/Manager?,Dedicated Nestlé studio owner or manager,Nestlé,Fulfilled,"Status workbook: On-Going — Need to confirm whether there is a true dedicated studio owner on client side, not just a brand contact or project coordinator",None identified in scorecard,Dedicated Nestlé studio manager with authority and operational knowledge,Nestlé,Source dependency: Not provided · Rule-based prerequisites: No rule-based prerequisite mapped,Not provided
India,Operational Excellence & Hygiene,Is there a Senior Nestlé Sponsor?,Active senior Nestlé sponsorship,Nestlé,Not fulfilled,Not provided,Active senior Nestlé sponsorship,Not provided,Not provided,Source dependency: Not provided · Rule-based prerequisites: No rule-based prerequisite mapped,Not provided
India,Operational Excellence & Hygiene,Are KPIs aligned and cascaded and agreed on?,Aligned and cascaded KPIs,Nestlé,Not fulfilled,Status workbook: For Updating — KPI definition is still weak in current setup,Aligned and cascaded KPIs,KPIs agreed before work starts,"Nestlé leads, WPP translates into content planning",Source dependency: Not provided · Rule-based prerequisites: No rule-based prerequisite mapped,Not provided
India,Operational Excellence & Hygiene,"Is scope provided on an annual basis (qty, asset type)?",Clear annual scope by quantity and asset type,Nestlé,Fulfilled,Status workbook: For Updating — India still looks scoped more like an asset delivery setup,None identified in scorecard,"Scope should support strategy, culture, multiplicity, and production if these are expected","Shared, Nestlé signs off",Source dependency: Not provided · Rule-based prerequisites: No rule-based prerequisite mapped,Not provided
India,Operational Excellence & Hygiene,Are POs are issued based on agreed timelines?,Commercial documents issued to agreed timelines,Nestlé,Fulfilled,Status workbook: For Updating — Scope agreements should be completed and signed off by both parties before work is begun; PO issuance to follow shortly after,None identified in scorecard,Timely POs and Scope Closing,Shared,Source dependency: Not provided · Rule-based prerequisites: Clear annual scope by quantity and asset type: Fulfilled,Not provided
India,Operational Excellence & Hygiene,Are asset and talent usage rights cascaded to the Content Studio?,"Legal, rights, talent and versioning requirements cascaded and followed",Nestlé,Fulfilled,Not provided,None identified in scorecard,Not provided,Not provided,Source dependency: Not provided · Rule-based prerequisites: No rule-based prerequisite mapped,Not provided
India,Operational Excellence & Hygiene,Are Brand Stakeholders involved in Content Planning?,Brand stakeholders involved in content planning,Nestlé,Fulfilled,Not provided,None identified in scorecard,Not provided,Not provided,Source dependency: Not provided · Rule-based prerequisites: No rule-based prerequisite mapped,Not provided
India,Operational Excellence & Hygiene,"Do briefs provide enough lead time to ideate and produce, and are complete (key message, asset bank, target audience)?",Complete briefs with sufficient lead time and timely challenge,Nestlé,Not fulfilled,"Status workbook: For Updating — Workflow and approvals scored low, suggesting weak brief flow and intake discipline",Complete briefs with sufficient lead time and timely challenge,Clear brief entry point and QA,"Nestlé for brief quality, WPP for QA",Source dependency: Not provided · Rule-based prerequisites: No rule-based prerequisite mapped,Not provided
India,Operational Excellence & Hygiene,Does the Nestlé Studio Manager/Owner meet with the Studio Lead on a monthly and/or quarterly basis?,Regular leadership and brand governance cadence,Nestlé,Not fulfilled,Status workbook: For Updating — Needs stronger operating discipline and clearer decision making,Regular leadership and brand governance cadence,"Weekly working rhythm, monthly ops, quarterly review",Shared,Source dependency: Not provided · Rule-based prerequisites: Dedicated Nestlé studio owner or manager: Fulfilled; Senior WPP studio leadership: Fulfilled,Not provided
India,Operational Excellence & Hygiene,Are Brand Governance meetings in place with the Content Studio?,Regular leadership and brand governance cadence,Nestlé,Fulfilled,Status workbook: For Updating — Needs stronger operating discipline and clearer decision making,None identified in scorecard,"Weekly working rhythm, monthly ops, quarterly review",Shared,Source dependency: Not provided · Rule-based prerequisites: Dedicated Nestlé studio owner or manager: Fulfilled; Senior WPP studio leadership: Fulfilled,Not provided
India,Operational Excellence & Hygiene,Is a shared workflow tool used consistently?,Consistent shared workflow and approval process,Nestlé,Not fulfilled,Status workbook: For Updating — Workflow and approvals score suggests tool discipline may be weak or inconsistent,Consistent shared workflow and approval process,BrandShare Implementation,Shared,Source dependency: Not provided · Rule-based prerequisites: Regular leadership and brand governance cadence: Open,Not provided
India,Operational Excellence & Hygiene,Does the Nestlé utilize BrandShare?,Consistent BrandShare adoption,Nestlé,Not fulfilled,Status workbook: For Updating — Workflow and approvals score suggests tool discipline may be weak or inconsistent,Consistent BrandShare adoption,BrandShare Implementation,Shared,Source dependency: Not provided · Rule-based prerequisites: Consistent shared workflow and approval process: Open; Access to and use of the Nestlé tool stack: Open,Not provided
India,Strategic Thinking,Are fire briefs cascaded to the Content Studio?,Complete briefs with sufficient lead time and timely challenge,Nestlé,Fulfilled,"Status workbook: For Updating — Workflow and approvals scored low, suggesting weak brief flow and intake discipline",None identified in scorecard,Clear brief entry point and QA,"Nestlé for brief quality, WPP for QA",Source dependency: Not provided · Rule-based prerequisites: No rule-based prerequisite mapped,Not provided
India,Strategic Thinking,"Is there one shared dashboard to measure asset quantity, creative quality, speed and effectiveness?",Shared operational and effectiveness dashboard,Nestlé,Not fulfilled,Status workbook: For Updating — KPI measurement still weak,Shared operational and effectiveness dashboard,Live operational and performance dashboard,Shared,Source dependency: Not provided · Rule-based prerequisites: Aligned and cascaded KPIs: Open; Embedded analyst or insight capability: Fulfilled,Not provided
India,Strategic Thinking,"Are Campaign Strategies cascaded to the Studio, or is the Studio given the opportunity to Strategize content planning?",Campaign strategy embedded in content planning,Nestlé,Fulfilled,Status workbook: For Updating — Strategy appears underpowered relative to RED standard,None identified in scorecard,Dedicated content strategy capability embedded in the studio,WPP,Source dependency: Not provided · Rule-based prerequisites: Dedicated content strategy capability: Fulfilled; Complete briefs with sufficient lead time and timely challenge: Open,Not provided
India,Production Excellence,Are previous learnings and insights shared during briefs?,"Prior learnings applied to briefs, planning and optimization",Nestlé,Not fulfilled,Status workbook: For Updating — Still underdeveloped from current scoring,"Prior learnings applied to briefs, planning and optimization","Pre, in, and post campaign process is standard",Shared,Source dependency: Not provided · Rule-based prerequisites: Aligned and cascaded KPIs: Open; Shared operational and effectiveness dashboard: Open; Embedded analyst or insight capability: Fulfilled,Not provided
India,Production Excellence,Are brand creative mandatories and campaign masters cascaded to the Content Studio?,Brand fundamentals and campaign masters embedded in creative work,Nestlé,Not fulfilled,Status workbook: For Updating — Needs stronger quality governance if India is to reach RED then Brazil level,Brand fundamentals and campaign masters embedded in creative work,Quality checks and learning loop,WPP,Source dependency: Not provided · Rule-based prerequisites: No rule-based prerequisite mapped,Not provided
India,Production Excellence,Has the Studio been provided access to the Nestlé toolstack?,Access to and use of the Nestlé tool stack,Nestlé,Not fulfilled,Not provided,Access to and use of the Nestlé tool stack,Not provided,Not provided,Source dependency: Not provided · Rule-based prerequisites: No rule-based prerequisite mapped,Not provided
India,Production Excellence,Does the Studio have access to CreativeX across all serviced brands?,CreativeX access and compliant use,Nestlé,Fulfilled,Status workbook: For Updating — Needs stronger quality governance if India is to reach RED then Brazil level,None identified in scorecard,Quality checks and learning loop,WPP,Source dependency: Not provided · Rule-based prerequisites: Access to and use of the Nestlé tool stack: Open,Not provided
India,Production Excellence,Has the Studio been provided access to TalkWalker?,Talkwalker or equivalent audience and trend intelligence,Nestlé,Not fulfilled,Status workbook: For Updating — Culture response appears underdeveloped,Talkwalker or equivalent audience and trend intelligence,Tools and process to identify opportunities quickly,Shared,Source dependency: Not provided · Rule-based prerequisites: Access to and use of the Nestlé tool stack: Open; Embedded analyst or insight capability: Fulfilled,Not provided
India,Production Excellence,"Has the Studio been onboarded on ContentHub, and are upload approvals done in a timely manner?","ContentHub onboarding, upload and tagging discipline",Nestlé,Fulfilled,Not provided,None identified in scorecard,Not provided,Not provided,Source dependency: Not provided · Rule-based prerequisites: Consistent shared workflow and approval process: Open; Access to and use of the Nestlé tool stack: Open,Not provided
India,Production Excellence,"Has the Studio been provided access to Nestlé AI tools (Firefly, Getty)?",Compliant AI access and practical workflow use,Nestlé,Not fulfilled,Status workbook: For Updating — AI and automation score is still low,Compliant AI access and practical workflow use,"Approved, practical AI use cases in workflow",Shared,Source dependency: Not provided · Rule-based prerequisites: Access to and use of the Nestlé tool stack: Open,Not provided
India,Production Excellence,Have the Studio creatives been provided Nestlé licenses for Adobe Creative Cloud?,Adobe Creative Cloud access and production use,Nestlé,Fulfilled,Not provided,None identified in scorecard,Not provided,Not provided,Source dependency: Not provided · Rule-based prerequisites: Access to and use of the Nestlé tool stack: Open; Dedicated internal or external production capability: Open,Not provided
India,Production Excellence,"Is multiplicity embedded in brief requirements, and supported by Media placements?",Multiplicity embedded in briefing and content planning,Nestlé,Not fulfilled,Status workbook: For Updating — Multiplicity is still underdeveloped,Multiplicity embedded in briefing and content planning,Channel and format planning built early,WPP,"Source dependency: Not provided · Rule-based prerequisites: Complete briefs with sufficient lead time and timely challenge: Open; Media, CRM and performance collaboration embedded in planning: Open",Not provided
India,Category Expertise,"Has the Media, CRM and Performance Agencies been endorsed to the Content Studio for collaboration efforts?","Media, CRM and performance collaboration embedded in planning",Nestlé,Not fulfilled,Status workbook: For Updating — Likely too dependent on ad hoc coordination,"Media, CRM and performance collaboration embedded in planning","Media, legal, procurement, data, and brand contacts clearly mapped",Shared,Source dependency: Likely too dependent on ad hoc coordination · Rule-based prerequisites: Brand stakeholders involved in content planning: Fulfilled; Regular leadership and brand governance cadence: Open,Not provided
India,Category Expertise,Are the correct briefs cascaded to the Content Studio?,Correct brief routing and redirection,Nestlé,Not fulfilled,"Status workbook: For Updating — If Content studio receives a brief that is more suited for a different team (NBS, AOR, etc.), it should be redirected to the correct team",Correct brief routing and redirection,"Briefs are filtered, and redirected (if necessary), to the correct teams",Shared,Source dependency: Not provided · Rule-based prerequisites: Regular leadership and brand governance cadence: Open; Consistent shared workflow and approval process: Open,Not provided
India,Category Expertise,Has the Studio been endorsed to AOR and NBS?,Defined collaboration with AOR and NBS,Nestlé,Partially fulfilled,Status workbook: For Updating — Risk of overlap or vague handoffs,Defined collaboration with AOR and NBS,"Studio, AOR, IMS or GDC, and client roles clearly split",Shared,Source dependency: Not provided · Rule-based prerequisites: Correct brief routing and redirection: Open; Regular leadership and brand governance cadence: Open,Not provided
India,Category Expertise,"Has the Studio been properly onboarded on the Brand/s (including but not limited to audience/s, product/s, brand mandatories)?","Current brand, audience and category knowledge",Nestlé,Fulfilled,Not provided,None identified in scorecard,Not provided,Not provided,Source dependency: Not provided · Rule-based prerequisites: Brand stakeholders involved in content planning: Fulfilled,Not provided
India,Operational Excellence & Hygiene,Is there a senior WPP Studio Lead?,Senior WPP studio leadership,WPP,Fulfilled,Status workbook: On-Going — Need a lead who is more than delivery management and can elevate the studio beyond asset handling,None identified in scorecard,"Strong WPP studio lead who can drive strategy, workflow, quality, and stakeholder management",WPP,Source dependency: Not provided · Rule-based prerequisites: No rule-based prerequisite mapped,Not provided
India,Operational Excellence & Hygiene,Is there a WPP Creative Lead?,Dedicated WPP creative leadership,WPP,Fulfilled,Not provided,None identified in scorecard,Not provided,Not provided,Source dependency: Not provided · Rule-based prerequisites: No rule-based prerequisite mapped,Not provided
India,Operational Excellence & Hygiene,"Is there a Creator, Community, or Adaptive Content Specialist?","Creator, community or adaptive-content specialist coverage",WPP,Not fulfilled,Not provided,"Creator, community or adaptive-content specialist coverage",Not provided,Not provided,Source dependency: Not provided · Rule-based prerequisites: Clear annual scope by quantity and asset type: Fulfilled,Not provided
India,Operational Excellence & Hygiene,Is there a WPP Production Lead?,Dedicated WPP production leadership,WPP,Fulfilled,"Status workbook: For Updating — Production may be happening, but not yet as a capability system with active quality and workflow management",None identified in scorecard,Production owner who can build efficiency and consistency,WPP,Source dependency: Not provided · Rule-based prerequisites: Clear annual scope by quantity and asset type: Fulfilled; Commercial documents issued to agreed timelines: Fulfilled,Not provided
India,Operational Excellence & Hygiene,Are KPIs aligned and cascaded and agreed on?,Aligned and cascaded KPIs,WPP,Not fulfilled,Status workbook: For Updating — KPI definition is still weak in current setup,Aligned and cascaded KPIs,KPIs agreed before work starts,"Nestlé leads, WPP translates into content planning",Source dependency: Not provided · Rule-based prerequisites: No rule-based prerequisite mapped,Not provided
India,Operational Excellence & Hygiene,Is the Content Studio team built to fulfill scope?,Team capability aligned to approved scope,WPP,Fulfilled,"Status workbook: For Updating — If culture, trends, production excellence, and optimization are expected, scope needs to include them explicitly",None identified in scorecard,Expected capabilities must be funded and scoped,Shared,Source dependency: Not provided · Rule-based prerequisites: Clear annual scope by quantity and asset type: Fulfilled; Commercial documents issued to agreed timelines: Fulfilled,Not provided
India,Operational Excellence & Hygiene,Are CEs provided based on agreed timelines from date of brief?,Commercial documents issued to agreed timelines,WPP,Fulfilled,Status workbook: For Updating — Scope agreements should be completed and signed off by both parties before work is begun; PO issuance to follow shortly after,None identified in scorecard,Timely POs and Scope Closing,Shared,Source dependency: Not provided · Rule-based prerequisites: Clear annual scope by quantity and asset type: Fulfilled,Not provided
India,Operational Excellence & Hygiene,"Are legal, rights, talent and versioning cascades followed?","Legal, rights, talent and versioning requirements cascaded and followed",WPP,Fulfilled,Not provided,None identified in scorecard,Not provided,Not provided,Source dependency: Not provided · Rule-based prerequisites: No rule-based prerequisite mapped,Not provided
India,Operational Excellence & Hygiene,Does the Studio collaborate with Brand Stakeholders in Content Planning?,Brand stakeholders involved in content planning,WPP,Fulfilled,Not provided,None identified in scorecard,Not provided,Not provided,Source dependency: Not provided · Rule-based prerequisites: No rule-based prerequisite mapped,Not provided
India,Operational Excellence & Hygiene,Are briefs challenged and additional needed information/materials requested in a timely manner?,Complete briefs with sufficient lead time and timely challenge,WPP,Fulfilled,"Status workbook: For Updating — Workflow and approvals scored low, suggesting weak brief flow and intake discipline",None identified in scorecard,Clear brief entry point and QA,"Nestlé for brief quality, WPP for QA",Source dependency: Not provided · Rule-based prerequisites: No rule-based prerequisite mapped,Not provided
India,Operational Excellence & Hygiene,Does the Studio Lead meet with the Nestlé Studio Manager/Owner on a monthly and/or quarterly basis?,Regular leadership and brand governance cadence,WPP,Not fulfilled,Status workbook: For Updating — Needs stronger operating discipline and clearer decision making,Regular leadership and brand governance cadence,"Weekly working rhythm, monthly ops, quarterly review",Shared,Source dependency: Not provided · Rule-based prerequisites: Dedicated Nestlé studio owner or manager: Fulfilled; Senior WPP studio leadership: Fulfilled,Not provided
India,Operational Excellence & Hygiene,Are Brand Governance meetings in place with the Content Studio?,Regular leadership and brand governance cadence,WPP,Fulfilled,Status workbook: For Updating — Needs stronger operating discipline and clearer decision making,None identified in scorecard,"Weekly working rhythm, monthly ops, quarterly review",Shared,Source dependency: Not provided · Rule-based prerequisites: Dedicated Nestlé studio owner or manager: Fulfilled; Senior WPP studio leadership: Fulfilled,Not provided
India,Operational Excellence & Hygiene,Is a shared workflow tool used consistently?,Consistent shared workflow and approval process,WPP,Not fulfilled,Status workbook: For Updating — Workflow and approvals score suggests tool discipline may be weak or inconsistent,Consistent shared workflow and approval process,BrandShare Implementation,Shared,Source dependency: Not provided · Rule-based prerequisites: Regular leadership and brand governance cadence: Open,Not provided
India,Operational Excellence & Hygiene,Does the Content Studio use BrandShare?,Consistent BrandShare adoption,WPP,Not fulfilled,Status workbook: For Updating — Workflow and approvals score suggests tool discipline may be weak or inconsistent,Consistent BrandShare adoption,BrandShare Implementation,Shared,Source dependency: Not provided · Rule-based prerequisites: Consistent shared workflow and approval process: Open; Access to and use of the Nestlé tool stack: Open,Not provided
India,Strategic Thinking,Is Strategy a dedicated capability in the Content Studio inherent in campaign planning?,Dedicated content strategy capability,WPP,Fulfilled,Status workbook: For Updating — Strategy appears underpowered relative to RED standard,None identified in scorecard,Dedicated content strategy capability embedded in the studio,WPP,Source dependency: Not provided · Rule-based prerequisites: Clear annual scope by quantity and asset type: Fulfilled; Senior WPP studio leadership: Fulfilled,Not provided
India,Strategic Thinking,Is there an analyst or insight function within the Content Studio?,Embedded analyst or insight capability,WPP,Fulfilled,Status workbook: For Updating — Audience intelligence is currently not yet strong enough,None identified in scorecard,"Analyst or strategic planner who can apply audience, platform, and trend signals","WPP, supported by Nestlé data access",Source dependency: Not provided · Rule-based prerequisites: Clear annual scope by quantity and asset type: Fulfilled; Access to and use of the Nestlé tool stack: Open,Not provided
India,Strategic Thinking,"Is there one shared dashboard to measure asset quantity, creative quality, speed and effectiveness?",Shared operational and effectiveness dashboard,WPP,Not fulfilled,Status workbook: For Updating — KPI measurement still weak,Shared operational and effectiveness dashboard,Live operational and performance dashboard,Shared,Source dependency: Not provided · Rule-based prerequisites: Aligned and cascaded KPIs: Open; Embedded analyst or insight capability: Fulfilled,Not provided
India,Strategic Thinking,Is one clear Strategy embedded in Content Planning?,Campaign strategy embedded in content planning,WPP,Fulfilled,Status workbook: For Updating — Strategy appears underpowered relative to RED standard,None identified in scorecard,Dedicated content strategy capability embedded in the studio,WPP,Source dependency: Not provided · Rule-based prerequisites: Dedicated content strategy capability: Fulfilled; Complete briefs with sufficient lead time and timely challenge: Open,Not provided
India,Production Excellence,Are brand learnings and campaign insights included in Strategy and Content Planning?,"Prior learnings applied to briefs, planning and optimization",WPP,Not fulfilled,Status workbook: For Updating — Still underdeveloped from current scoring,"Prior learnings applied to briefs, planning and optimization","Pre, in, and post campaign process is standard",Shared,Source dependency: Not provided · Rule-based prerequisites: Aligned and cascaded KPIs: Open; Shared operational and effectiveness dashboard: Open; Embedded analyst or insight capability: Fulfilled,Not provided
India,Production Excellence,Is creative work built on and reviewed based on brand fundamendals and campaign masters?,Brand fundamentals and campaign masters embedded in creative work,WPP,Fulfilled,Status workbook: For Updating — Needs stronger quality governance if India is to reach RED then Brazil level,None identified in scorecard,Quality checks and learning loop,WPP,Source dependency: Not provided · Rule-based prerequisites: No rule-based prerequisite mapped,Not provided
India,Production Excellence,Does the Content Studio use Nestlé-provided licenses in asset production?,Access to and use of the Nestlé tool stack,WPP,Not fulfilled,Not provided,Access to and use of the Nestlé tool stack,Not provided,Not provided,Source dependency: Not provided · Rule-based prerequisites: No rule-based prerequisite mapped,Not provided
India,Production Excellence,"Do all boosted assets go through CX, with only 100% scored assets turned over?",CreativeX access and compliant use,WPP,Fulfilled,Status workbook: For Updating — Needs stronger quality governance if India is to reach RED then Brazil level,None identified in scorecard,Quality checks and learning loop,WPP,Source dependency: Not provided · Rule-based prerequisites: Access to and use of the Nestlé tool stack: Open,Not provided
India,Production Excellence,"Does the Studio use Talkwalker or any WPP tool to gather audience, search, social, CRM, performance or trends?",Talkwalker or equivalent audience and trend intelligence,WPP,Not fulfilled,Status workbook: For Updating — Culture response appears underdeveloped,Talkwalker or equivalent audience and trend intelligence,Tools and process to identify opportunities quickly,Shared,Source dependency: Not provided · Rule-based prerequisites: Access to and use of the Nestlé tool stack: Open; Embedded analyst or insight capability: Fulfilled,Not provided
India,Production Excellence,Are final assets uploaded to ContentHub and tagged correctly on a regular basis?,"ContentHub onboarding, upload and tagging discipline",WPP,Fulfilled,Not provided,None identified in scorecard,Not provided,Not provided,Source dependency: Not provided · Rule-based prerequisites: Consistent shared workflow and approval process: Open; Access to and use of the Nestlé tool stack: Open,Not provided
India,Production Excellence,"Are AI Tools like WPP Open used to imrpve workflow, analysis and planning; Nestlé-compliant AI tools (Firefly) are used for adaptation and craft?",Compliant AI access and practical workflow use,WPP,Fulfilled,Status workbook: For Updating — AI and automation score is still low,None identified in scorecard,"Approved, practical AI use cases in workflow",Shared,Source dependency: Not provided · Rule-based prerequisites: Access to and use of the Nestlé tool stack: Open,Not provided
India,Production Excellence,Does the Studio utilize Nestlé licenses for Adobe Creative Cloud?,Adobe Creative Cloud access and production use,WPP,Fulfilled,Not provided,None identified in scorecard,Not provided,Not provided,Source dependency: Not provided · Rule-based prerequisites: Access to and use of the Nestlé tool stack: Open; Dedicated internal or external production capability: Open,Not provided
India,Production Excellence,Is content planned for multiplicity?,Multiplicity embedded in briefing and content planning,WPP,Fulfilled,Status workbook: For Updating — Multiplicity is still underdeveloped,None identified in scorecard,Channel and format planning built early,WPP,"Source dependency: Not provided · Rule-based prerequisites: Complete briefs with sufficient lead time and timely challenge: Open; Media, CRM and performance collaboration embedded in planning: Open",Not provided
India,Category Expertise,"Are media, CRM and performance insights embeded into content planning, timelines and content optimization?","Media, CRM and performance collaboration embedded in planning",WPP,Not fulfilled,Status workbook: For Updating — Likely too dependent on ad hoc coordination,"Media, CRM and performance collaboration embedded in planning","Media, legal, procurement, data, and brand contacts clearly mapped",Shared,Source dependency: Likely too dependent on ad hoc coordination · Rule-based prerequisites: Brand stakeholders involved in content planning: Fulfilled; Regular leadership and brand governance cadence: Open,Not provided
India,Category Expertise,Are incorrect briefs redirected to NBS or other content partners?,Correct brief routing and redirection,WPP,Not fulfilled,"Status workbook: For Updating — If Content studio receives a brief that is more suited for a different team (NBS, AOR, etc.), it should be redirected to the correct team",Correct brief routing and redirection,"Briefs are filtered, and redirected (if necessary), to the correct teams",Shared,Source dependency: Not provided · Rule-based prerequisites: Regular leadership and brand governance cadence: Open; Consistent shared workflow and approval process: Open,Not provided
India,Category Expertise,Does the Studio work with NBS?,Defined collaboration with AOR and NBS,WPP,Not fulfilled,Status workbook: For Updating — Risk of overlap or vague handoffs,Defined collaboration with AOR and NBS,"Studio, AOR, IMS or GDC, and client roles clearly split",Shared,Source dependency: Not provided · Rule-based prerequisites: Correct brief routing and redirection: Open; Regular leadership and brand governance cadence: Open,Not provided
India,Category Expertise,Does the Studio work with AOR?,Defined collaboration with AOR and NBS,WPP,Fulfilled,Status workbook: For Updating — Risk of overlap or vague handoffs,None identified in scorecard,"Studio, AOR, IMS or GDC, and client roles clearly split",Shared,Source dependency: Not provided · Rule-based prerequisites: Correct brief routing and redirection: Open; Regular leadership and brand governance cadence: Open,Not provided
India,Category Expertise,Is brand knowledge updated based on industry and brand movements?,"Current brand, audience and category knowledge",WPP,Fulfilled,Not provided,None identified in scorecard,Not provided,Not provided,Source dependency: Not provided · Rule-based prerequisites: Brand stakeholders involved in content planning: Fulfilled,Not provided
India,Category Expertise,Does the studio have a dedicated external or inhouse production or capability?,Dedicated internal or external production capability,WPP,Not fulfilled,Status workbook: For Updating — Production needs to be treated as an owned capability if India is expected to scale quality,Dedicated internal or external production capability,"Production capability intentionally built, not just executed reactively",WPP,Source dependency: Not provided · Rule-based prerequisites: Clear annual scope by quantity and asset type: Fulfilled; Commercial documents issued to agreed timelines: Fulfilled; Dedicated WPP production leadership: Fulfilled,Not provided
India,Category Expertise,Does the Studio utilize brand audience and segmentation in Content Planning?,Audience and segmentation applied to content planning,WPP,Not fulfilled,Status workbook: For Updating — Current audience intelligence is not yet RED level,Audience and segmentation applied to content planning,Audience data should shape planning,Shared,Source dependency: Not provided · Rule-based prerequisites: Dedicated content strategy capability: Fulfilled; Embedded analyst or insight capability: Fulfilled,Not provided
India,Category Expertise,Does the Studio utilize community and social signals used in Content Planning?,Community and social signals applied to content planning,WPP,Not fulfilled,Status workbook: For Updating — Culture response appears underdeveloped,Community and social signals applied to content planning,Tools and process to identify opportunities quickly,Shared,Source dependency: Not provided · Rule-based prerequisites: Embedded analyst or insight capability: Fulfilled; Talkwalker or equivalent audience and trend intelligence: Open,Not provided
Vietnam,Operational Excellence & Hygiene,Is there a dedicated Nestlé Studio Owner/Manager?,Dedicated Nestlé studio owner or manager,Nestlé,Not fulfilled,Not provided,Dedicated Nestlé studio owner or manager,Not provided,Not provided,Source dependency: Not provided · Rule-based prerequisites: No rule-based prerequisite mapped,Not provided
Vietnam,Operational Excellence & Hygiene,Is there a Senior Nestlé Sponsor?,Active senior Nestlé sponsorship,Nestlé,Not fulfilled,Not provided,Active senior Nestlé sponsorship,Not provided,Not provided,Source dependency: Not provided · Rule-based prerequisites: No rule-based prerequisite mapped,Not provided
Vietnam,Operational Excellence & Hygiene,Are KPIs aligned and cascaded and agreed on?,Aligned and cascaded KPIs,Nestlé,Not fulfilled,Not provided,Aligned and cascaded KPIs,Not provided,Not provided,Source dependency: Not provided · Rule-based prerequisites: No rule-based prerequisite mapped,Not provided
Vietnam,Operational Excellence & Hygiene,"Is scope provided on an annual basis (qty, asset type)?",Clear annual scope by quantity and asset type,Nestlé,Not fulfilled,Not provided,Clear annual scope by quantity and asset type,Not provided,Not provided,Source dependency: Not provided · Rule-based prerequisites: No rule-based prerequisite mapped,Not provided
Vietnam,Operational Excellence & Hygiene,Are POs are issued based on agreed timelines?,Commercial documents issued to agreed timelines,Nestlé,Fulfilled,Not provided,None identified in scorecard,Not provided,Not provided,Source dependency: Not provided · Rule-based prerequisites: Clear annual scope by quantity and asset type: Open,Not provided
Vietnam,Operational Excellence & Hygiene,Are asset and talent usage rights cascaded to the Content Studio?,"Legal, rights, talent and versioning requirements cascaded and followed",Nestlé,Fulfilled,Not provided,None identified in scorecard,Not provided,Not provided,Source dependency: Not provided · Rule-based prerequisites: No rule-based prerequisite mapped,Not provided
Vietnam,Operational Excellence & Hygiene,Are Brand Stakeholders involved in Content Planning?,Brand stakeholders involved in content planning,Nestlé,Fulfilled,Not provided,None identified in scorecard,Not provided,Not provided,Source dependency: Not provided · Rule-based prerequisites: No rule-based prerequisite mapped,Not provided
Vietnam,Operational Excellence & Hygiene,"Do briefs provide enough lead time to ideate and produce, and are complete (key message, asset bank, target audience)?",Complete briefs with sufficient lead time and timely challenge,Nestlé,Not fulfilled,Not provided,Complete briefs with sufficient lead time and timely challenge,Not provided,Not provided,Source dependency: Not provided · Rule-based prerequisites: No rule-based prerequisite mapped,Not provided
Vietnam,Operational Excellence & Hygiene,Does the Nestlé Studio Manager/Owner meet with the Studio Lead on a monthly and/or quarterly basis?,Regular leadership and brand governance cadence,Nestlé,Not fulfilled,Not provided,Regular leadership and brand governance cadence,Not provided,Not provided,Source dependency: Not provided · Rule-based prerequisites: Dedicated Nestlé studio owner or manager: Open; Senior WPP studio leadership: Open,Not provided
Vietnam,Operational Excellence & Hygiene,Are Brand Governance meetings in place with the Content Studio?,Regular leadership and brand governance cadence,Nestlé,Not fulfilled,Not provided,Regular leadership and brand governance cadence,Not provided,Not provided,Source dependency: Not provided · Rule-based prerequisites: Dedicated Nestlé studio owner or manager: Open; Senior WPP studio leadership: Open,Not provided
Vietnam,Operational Excellence & Hygiene,Is a shared workflow tool used consistently?,Consistent shared workflow and approval process,Nestlé,Not fulfilled,Not provided,Consistent shared workflow and approval process,Not provided,Not provided,Source dependency: Not provided · Rule-based prerequisites: Regular leadership and brand governance cadence: Open,Not provided
Vietnam,Operational Excellence & Hygiene,Does the Nestlé utilize BrandShare?,Consistent BrandShare adoption,Nestlé,Not fulfilled,Not provided,Consistent BrandShare adoption,Not provided,Not provided,Source dependency: Not provided · Rule-based prerequisites: Consistent shared workflow and approval process: Open; Access to and use of the Nestlé tool stack: Open,Not provided
Vietnam,Strategic Thinking,Are fire briefs cascaded to the Content Studio?,Complete briefs with sufficient lead time and timely challenge,Nestlé,Not fulfilled,Not provided,Complete briefs with sufficient lead time and timely challenge,Not provided,Not provided,Source dependency: Not provided · Rule-based prerequisites: No rule-based prerequisite mapped,Not provided
Vietnam,Strategic Thinking,"Is there one shared dashboard to measure asset quantity, creative quality, speed and effectiveness?",Shared operational and effectiveness dashboard,Nestlé,Not fulfilled,Not provided,Shared operational and effectiveness dashboard,Not provided,Not provided,Source dependency: Not provided · Rule-based prerequisites: Aligned and cascaded KPIs: Open; Embedded analyst or insight capability: Fulfilled,Not provided
Vietnam,Strategic Thinking,"Are Campaign Strategies cascaded to the Studio, or is the Studio given the opportunity to Strategize content planning?",Campaign strategy embedded in content planning,Nestlé,Not fulfilled,Not provided,Campaign strategy embedded in content planning,Not provided,Not provided,Source dependency: Not provided · Rule-based prerequisites: Dedicated content strategy capability: Fulfilled; Complete briefs with sufficient lead time and timely challenge: Open,Not provided
Vietnam,Production Excellence,Are previous learnings and insights shared during briefs?,"Prior learnings applied to briefs, planning and optimization",Nestlé,Not fulfilled,Not provided,"Prior learnings applied to briefs, planning and optimization",Not provided,Not provided,Source dependency: Not provided · Rule-based prerequisites: Aligned and cascaded KPIs: Open; Shared operational and effectiveness dashboard: Open; Embedded analyst or insight capability: Fulfilled,Not provided
Vietnam,Production Excellence,Are brand creative mandatories and campaign masters cascaded to the Content Studio?,Brand fundamentals and campaign masters embedded in creative work,Nestlé,Not fulfilled,Not provided,Brand fundamentals and campaign masters embedded in creative work,Not provided,Not provided,Source dependency: Not provided · Rule-based prerequisites: No rule-based prerequisite mapped,Not provided
Vietnam,Production Excellence,Has the Studio been provided access to the Nestlé toolstack?,Access to and use of the Nestlé tool stack,Nestlé,Not fulfilled,Not provided,Access to and use of the Nestlé tool stack,Not provided,Not provided,Source dependency: Not provided · Rule-based prerequisites: No rule-based prerequisite mapped,Not provided
Vietnam,Production Excellence,Does the Studio have access to CreativeX across all serviced brands?,CreativeX access and compliant use,Nestlé,Not fulfilled,Not provided,CreativeX access and compliant use,Not provided,Not provided,Source dependency: Not provided · Rule-based prerequisites: Access to and use of the Nestlé tool stack: Open,Not provided
Vietnam,Production Excellence,Has the Studio been provided access to TalkWalker?,Talkwalker or equivalent audience and trend intelligence,Nestlé,Not fulfilled,Not provided,Talkwalker or equivalent audience and trend intelligence,Not provided,Not provided,Source dependency: Not provided · Rule-based prerequisites: Access to and use of the Nestlé tool stack: Open; Embedded analyst or insight capability: Fulfilled,Not provided
Vietnam,Production Excellence,"Has the Studio been onboarded on ContentHub, and are upload approvals done in a timely manner?","ContentHub onboarding, upload and tagging discipline",Nestlé,Not fulfilled,Not provided,"ContentHub onboarding, upload and tagging discipline",Not provided,Not provided,Source dependency: Not provided · Rule-based prerequisites: Consistent shared workflow and approval process: Open; Access to and use of the Nestlé tool stack: Open,Not provided
Vietnam,Production Excellence,"Has the Studio been provided access to Nestlé AI tools (Firefly, Getty)?",Compliant AI access and practical workflow use,Nestlé,Not fulfilled,Not provided,Compliant AI access and practical workflow use,Not provided,Not provided,Source dependency: Not provided · Rule-based prerequisites: Access to and use of the Nestlé tool stack: Open,Not provided
Vietnam,Production Excellence,Have the Studio creatives been provided Nestlé licenses for Adobe Creative Cloud?,Adobe Creative Cloud access and production use,Nestlé,Not fulfilled,Not provided,Adobe Creative Cloud access and production use,Not provided,Not provided,Source dependency: Not provided · Rule-based prerequisites: Access to and use of the Nestlé tool stack: Open; Dedicated internal or external production capability: Open,Not provided
Vietnam,Production Excellence,"Is multiplicity embedded in brief requirements, and supported by Media placements?",Multiplicity embedded in briefing and content planning,Nestlé,Not fulfilled,Not provided,Multiplicity embedded in briefing and content planning,Not provided,Not provided,"Source dependency: Not provided · Rule-based prerequisites: Complete briefs with sufficient lead time and timely challenge: Open; Media, CRM and performance collaboration embedded in planning: Open",Not provided
Vietnam,Category Expertise,"Has the Media, CRM and Performance Agencies been endorsed to the Content Studio for collaboration efforts?","Media, CRM and performance collaboration embedded in planning",Nestlé,Not fulfilled,Not provided,"Media, CRM and performance collaboration embedded in planning",Not provided,Not provided,Source dependency: Not provided · Rule-based prerequisites: Brand stakeholders involved in content planning: Fulfilled; Regular leadership and brand governance cadence: Open,Not provided
Vietnam,Category Expertise,Are the correct briefs cascaded to the Content Studio?,Correct brief routing and redirection,Nestlé,Not fulfilled,Not provided,Correct brief routing and redirection,Not provided,Not provided,Source dependency: Not provided · Rule-based prerequisites: Regular leadership and brand governance cadence: Open; Consistent shared workflow and approval process: Open,Not provided
Vietnam,Category Expertise,Has the Studio been endorsed to AOR and NBS?,Defined collaboration with AOR and NBS,Nestlé,Partially fulfilled,Not provided,Defined collaboration with AOR and NBS,Not provided,Not provided,Source dependency: Not provided · Rule-based prerequisites: Correct brief routing and redirection: Open; Regular leadership and brand governance cadence: Open,Not provided
Vietnam,Category Expertise,"Has the Studio been properly onboarded on the Brand/s (including but not limited to audience/s, product/s, brand mandatories)?","Current brand, audience and category knowledge",Nestlé,Not fulfilled,Not provided,"Current brand, audience and category knowledge",Not provided,Not provided,Source dependency: Not provided · Rule-based prerequisites: Brand stakeholders involved in content planning: Fulfilled,Not provided
Vietnam,Operational Excellence & Hygiene,Is there a senior WPP Studio Lead?,Senior WPP studio leadership,WPP,Not fulfilled,Not provided,Senior WPP studio leadership,Not provided,Not provided,Source dependency: Not provided · Rule-based prerequisites: No rule-based prerequisite mapped,Not provided
Vietnam,Operational Excellence & Hygiene,Is there a WPP Creative Lead?,Dedicated WPP creative leadership,WPP,Not fulfilled,Not provided,Dedicated WPP creative leadership,Not provided,Not provided,Source dependency: Not provided · Rule-based prerequisites: No rule-based prerequisite mapped,Not provided
Vietnam,Operational Excellence & Hygiene,"Is there a Creator, Community, or Adaptive Content Specialist?","Creator, community or adaptive-content specialist coverage",WPP,Fulfilled,Not provided,None identified in scorecard,Not provided,Not provided,Source dependency: Not provided · Rule-based prerequisites: Clear annual scope by quantity and asset type: Open,Not provided
Vietnam,Operational Excellence & Hygiene,Is there a WPP Production Lead?,Dedicated WPP production leadership,WPP,Not fulfilled,Not provided,Dedicated WPP production leadership,Not provided,Not provided,Source dependency: Not provided · Rule-based prerequisites: Clear annual scope by quantity and asset type: Open; Commercial documents issued to agreed timelines: Fulfilled,Not provided
Vietnam,Operational Excellence & Hygiene,Are KPIs aligned and cascaded and agreed on?,Aligned and cascaded KPIs,WPP,Not fulfilled,Not provided,Aligned and cascaded KPIs,Not provided,Not provided,Source dependency: Not provided · Rule-based prerequisites: No rule-based prerequisite mapped,Not provided
Vietnam,Operational Excellence & Hygiene,Is the Content Studio team built to fulfill scope?,Team capability aligned to approved scope,WPP,Not fulfilled,Not provided,Team capability aligned to approved scope,Not provided,Not provided,Source dependency: Not provided · Rule-based prerequisites: Clear annual scope by quantity and asset type: Open; Commercial documents issued to agreed timelines: Fulfilled,Not provided
Vietnam,Operational Excellence & Hygiene,Are CEs provided based on agreed timelines from date of brief?,Commercial documents issued to agreed timelines,WPP,Fulfilled,Not provided,None identified in scorecard,Not provided,Not provided,Source dependency: Not provided · Rule-based prerequisites: Clear annual scope by quantity and asset type: Open,Not provided
Vietnam,Operational Excellence & Hygiene,"Are legal, rights, talent and versioning cascades followed?","Legal, rights, talent and versioning requirements cascaded and followed",WPP,Fulfilled,Not provided,None identified in scorecard,Not provided,Not provided,Source dependency: Not provided · Rule-based prerequisites: No rule-based prerequisite mapped,Not provided
Vietnam,Operational Excellence & Hygiene,Does the Studio collaborate with Brand Stakeholders in Content Planning?,Brand stakeholders involved in content planning,WPP,Fulfilled,Not provided,None identified in scorecard,Not provided,Not provided,Source dependency: Not provided · Rule-based prerequisites: No rule-based prerequisite mapped,Not provided
Vietnam,Operational Excellence & Hygiene,Are briefs challenged and additional needed information/materials requested in a timely manner?,Complete briefs with sufficient lead time and timely challenge,WPP,Not fulfilled,Not provided,Complete briefs with sufficient lead time and timely challenge,Not provided,Not provided,Source dependency: Not provided · Rule-based prerequisites: No rule-based prerequisite mapped,Not provided
Vietnam,Operational Excellence & Hygiene,Does the Studio Lead meet with the Nestlé Studio Manager/Owner on a monthly and/or quarterly basis?,Regular leadership and brand governance cadence,WPP,Not fulfilled,Not provided,Regular leadership and brand governance cadence,Not provided,Not provided,Source dependency: Not provided · Rule-based prerequisites: Dedicated Nestlé studio owner or manager: Open; Senior WPP studio leadership: Open,Not provided
Vietnam,Operational Excellence & Hygiene,Are Brand Governance meetings in place with the Content Studio?,Regular leadership and brand governance cadence,WPP,Not fulfilled,Not provided,Regular leadership and brand governance cadence,Not provided,Not provided,Source dependency: Not provided · Rule-based prerequisites: Dedicated Nestlé studio owner or manager: Open; Senior WPP studio leadership: Open,Not provided
Vietnam,Operational Excellence & Hygiene,Is a shared workflow tool used consistently?,Consistent shared workflow and approval process,WPP,Not fulfilled,Not provided,Consistent shared workflow and approval process,Not provided,Not provided,Source dependency: Not provided · Rule-based prerequisites: Regular leadership and brand governance cadence: Open,Not provided
Vietnam,Operational Excellence & Hygiene,Does the Content Studio use BrandShare?,Consistent BrandShare adoption,WPP,Not fulfilled,Not provided,Consistent BrandShare adoption,Not provided,Not provided,Source dependency: Not provided · Rule-based prerequisites: Consistent shared workflow and approval process: Open; Access to and use of the Nestlé tool stack: Open,Not provided
Vietnam,Strategic Thinking,Is Strategy a dedicated capability in the Content Studio inherent in campaign planning?,Dedicated content strategy capability,WPP,Fulfilled,Not provided,None identified in scorecard,Not provided,Not provided,Source dependency: Not provided · Rule-based prerequisites: Clear annual scope by quantity and asset type: Open; Senior WPP studio leadership: Open,Not provided
Vietnam,Strategic Thinking,Is there an analyst or insight function within the Content Studio?,Embedded analyst or insight capability,WPP,Fulfilled,Not provided,None identified in scorecard,Not provided,Not provided,Source dependency: Not provided · Rule-based prerequisites: Clear annual scope by quantity and asset type: Open; Access to and use of the Nestlé tool stack: Open,Not provided
Vietnam,Strategic Thinking,"Is there one shared dashboard to measure asset quantity, creative quality, speed and effectiveness?",Shared operational and effectiveness dashboard,WPP,Not fulfilled,Not provided,Shared operational and effectiveness dashboard,Not provided,Not provided,Source dependency: Not provided · Rule-based prerequisites: Aligned and cascaded KPIs: Open; Embedded analyst or insight capability: Fulfilled,Not provided
Vietnam,Strategic Thinking,Is one clear Strategy embedded in Content Planning?,Campaign strategy embedded in content planning,WPP,Fulfilled,Not provided,None identified in scorecard,Not provided,Not provided,Source dependency: Not provided · Rule-based prerequisites: Dedicated content strategy capability: Fulfilled; Complete briefs with sufficient lead time and timely challenge: Open,Not provided
Vietnam,Production Excellence,Are brand learnings and campaign insights included in Strategy and Content Planning?,"Prior learnings applied to briefs, planning and optimization",WPP,Not fulfilled,Not provided,"Prior learnings applied to briefs, planning and optimization",Not provided,Not provided,Source dependency: Not provided · Rule-based prerequisites: Aligned and cascaded KPIs: Open; Shared operational and effectiveness dashboard: Open; Embedded analyst or insight capability: Fulfilled,Not provided
Vietnam,Production Excellence,Is creative work built on and reviewed based on brand fundamendals and campaign masters?,Brand fundamentals and campaign masters embedded in creative work,WPP,Not fulfilled,Not provided,Brand fundamentals and campaign masters embedded in creative work,Not provided,Not provided,Source dependency: Not provided · Rule-based prerequisites: No rule-based prerequisite mapped,Not provided
Vietnam,Production Excellence,Does the Content Studio use Nestlé-provided licenses in asset production?,Access to and use of the Nestlé tool stack,WPP,Not fulfilled,Not provided,Access to and use of the Nestlé tool stack,Not provided,Not provided,Source dependency: Not provided · Rule-based prerequisites: No rule-based prerequisite mapped,Not provided
Vietnam,Production Excellence,"Do all boosted assets go through CX, with only 100% scored assets turned over?",CreativeX access and compliant use,WPP,Fulfilled,Not provided,None identified in scorecard,Not provided,Not provided,Source dependency: Not provided · Rule-based prerequisites: Access to and use of the Nestlé tool stack: Open,Not provided
Vietnam,Production Excellence,"Does the Studio use Talkwalker or any WPP tool to gather audience, search, social, CRM, performance or trends?",Talkwalker or equivalent audience and trend intelligence,WPP,Fulfilled,Not provided,None identified in scorecard,Not provided,Not provided,Source dependency: Not provided · Rule-based prerequisites: Access to and use of the Nestlé tool stack: Open; Embedded analyst or insight capability: Fulfilled,Not provided
Vietnam,Production Excellence,Are final assets uploaded to ContentHub and tagged correctly on a regular basis?,"ContentHub onboarding, upload and tagging discipline",WPP,Fulfilled,Not provided,None identified in scorecard,Not provided,Not provided,Source dependency: Not provided · Rule-based prerequisites: Consistent shared workflow and approval process: Open; Access to and use of the Nestlé tool stack: Open,Not provided
Vietnam,Production Excellence,"Are AI Tools like WPP Open used to imrpve workflow, analysis and planning; Nestlé-compliant AI tools (Firefly) are used for adaptation and craft?",Compliant AI access and practical workflow use,WPP,Not fulfilled,Not provided,Compliant AI access and practical workflow use,Not provided,Not provided,Source dependency: Not provided · Rule-based prerequisites: Access to and use of the Nestlé tool stack: Open,Not provided
Vietnam,Production Excellence,Does the Studio utilize Nestlé licenses for Adobe Creative Cloud?,Adobe Creative Cloud access and production use,WPP,Not fulfilled,Not provided,Adobe Creative Cloud access and production use,Not provided,Not provided,Source dependency: Not provided · Rule-based prerequisites: Access to and use of the Nestlé tool stack: Open; Dedicated internal or external production capability: Open,Not provided
Vietnam,Production Excellence,Is content planned for multiplicity?,Multiplicity embedded in briefing and content planning,WPP,Fulfilled,Not provided,None identified in scorecard,Not provided,Not provided,"Source dependency: Not provided · Rule-based prerequisites: Complete briefs with sufficient lead time and timely challenge: Open; Media, CRM and performance collaboration embedded in planning: Open",Not provided
Vietnam,Category Expertise,"Are media, CRM and performance insights embeded into content planning, timelines and content optimization?","Media, CRM and performance collaboration embedded in planning",WPP,Not fulfilled,Not provided,"Media, CRM and performance collaboration embedded in planning",Not provided,Not provided,Source dependency: Not provided · Rule-based prerequisites: Brand stakeholders involved in content planning: Fulfilled; Regular leadership and brand governance cadence: Open,Not provided
Vietnam,Category Expertise,Are incorrect briefs redirected to NBS or other content partners?,Correct brief routing and redirection,WPP,Not fulfilled,Not provided,Correct brief routing and redirection,Not provided,Not provided,Source dependency: Not provided · Rule-based prerequisites: Regular leadership and brand governance cadence: Open; Consistent shared workflow and approval process: Open,Not provided
Vietnam,Category Expertise,Does the Studio work with NBS?,Defined collaboration with AOR and NBS,WPP,Not fulfilled,Not provided,Defined collaboration with AOR and NBS,Not provided,Not provided,Source dependency: Not provided · Rule-based prerequisites: Correct brief routing and redirection: Open; Regular leadership and brand governance cadence: Open,Not provided
Vietnam,Category Expertise,Does the Studio work with AOR?,Defined collaboration with AOR and NBS,WPP,Fulfilled,Not provided,None identified in scorecard,Not provided,Not provided,Source dependency: Not provided · Rule-based prerequisites: Correct brief routing and redirection: Open; Regular leadership and brand governance cadence: Open,Not provided
Vietnam,Category Expertise,Is brand knowledge updated based on industry and brand movements?,"Current brand, audience and category knowledge",WPP,Not fulfilled,Not provided,"Current brand, audience and category knowledge",Not provided,Not provided,Source dependency: Not provided · Rule-based prerequisites: Brand stakeholders involved in content planning: Fulfilled,Not provided
Vietnam,Category Expertise,Does the studio have a dedicated external or inhouse production or capability?,Dedicated internal or external production capability,WPP,Not fulfilled,Not provided,Dedicated internal or external production capability,Not provided,Not provided,Source dependency: Not provided · Rule-based prerequisites: Clear annual scope by quantity and asset type: Open; Commercial documents issued to agreed timelines: Fulfilled; Dedicated WPP production leadership: Open,Not provided
Vietnam,Category Expertise,Does the Studio utilize brand audience and segmentation in Content Planning?,Audience and segmentation applied to content planning,WPP,Not fulfilled,Not provided,Audience and segmentation applied to content planning,Not provided,Not provided,Source dependency: Not provided · Rule-based prerequisites: Dedicated content strategy capability: Fulfilled; Embedded analyst or insight capability: Fulfilled,Not provided
Vietnam,Category Expertise,Does the Studio utilize community and social signals used in Content Planning?,Community and social signals applied to content planning,WPP,Fulfilled,Not provided,None identified in scorecard,Not provided,Not provided,Source dependency: Not provided · Rule-based prerequisites: Embedded analyst or insight capability: Fulfilled; Talkwalker or equivalent audience and trend intelligence: Open,Not provided
China,Not assessed,New Studio — baseline assessment pending,Not provided,Not provided,New Studio — baseline assessment pending,Not provided,Not provided,Not provided,Not provided,Not provided,Not provided
Malaysia,Not assessed,Pilot — pilot-stage assessment pending,Not provided,Not provided,Pilot — pilot-stage assessment pending,Not provided,Not provided,Not provided,Not provided,Not provided,Not provided
